Year,Date,Season,Class,NDVI,NDWI,NDBI,VV,VH,VH_VV_Ratio,LST,LST_Difference,Valid_S2_Pixel_Count,Valid_LST_Pixel_Count
2017,2017-03-04,Spring,Dense Urban,0.0722843490489035,-0.0644667506649805,0.0880042235897257,-3.629127904440116,-10.884453857800851,-7.255325953360735,10.842772844067571,0.1231183533375723,6723,8857
2017,2017-03-04,Spring,Nature,0.18164962365568,-0.2715849361744012,0.0917558814454605,-10.375565003372294,-16.37035812819128,-5.994793124818987,10.72045812931077,0.0008036385807717039,8586,12009
2017,2017-03-04,Spring,Roads,0.0801036181742695,-0.1229842607037459,0.0663245141554019,-8.128439727151433,-15.126856559637396,-6.9984168324859635,11.094495830558095,0.3748413398280963,18244,23895
2017,2017-03-04,Spring,Urban,0.0954902002107761,-0.1191395568766934,0.0253145114406243,-6.622460220632368,-12.62202602439915,-5.999565803766782,10.343906021771772,-0.3757484689582266,8623,11905
2017,2017-03-04,Spring,Water,-0.2511113438334331,0.3849700115750893,-0.3496735380712951,-18.44225395199287,-23.627671615391343,-5.185417663398471,6.013047368419769,-4.70660712231023,2722,3464
2017,2017-04-03,Spring,Dense Urban,0.1035126184137714,-0.1073759247217123,0.1229874559639679,-3.369030419048194,-10.630207377293612,-7.261176958245418,20.026758808983192,-0.5365224917156546,7047,4559
2017,2017-04-03,Spring,Nature,0.2305006968458594,-0.3243941144997952,0.1131934465392589,-10.631887876975457,-16.122851955616238,-5.490964078640781,21.18938171508919,0.6261004143903435,9461,7218
2017,2017-04-03,Spring,Roads,0.0956100059451356,-0.1504399595786934,0.0898621786089309,-8.37405237720647,-15.130099717698693,-6.756047340492223,21.15691153624259,0.593630235543742,18912,12743
2017,2017-04-03,Spring,Urban,0.1308000780242106,-0.1740300181931024,0.0506927394517332,-6.620642403906399,-12.6217301667907,-6.001087762884301,20.163191833985348,-0.4000894667134993,9432,5739
2017,2017-04-03,Spring,Water,-0.2754703630292661,0.4238838408711576,-0.3611789577619678,-18.935901306250905,-23.933761245986958,-4.997859939736053,9.691831712397086,-10.87144958830176,2722,2375
2017,2017-05-03,Spring,Dense Urban,0.1524668676797497,-0.1602704354512542,0.1073600180609879,-3.8775932503262807,-11.12544760362681,-7.2478543533005295,28.653924028604127,0.3385408262042872,7047,8857
2017,2017-05-03,Spring,Nature,0.457128062263725,-0.4722157731218726,-0.0996547196225357,-10.619977607092656,-16.621928765504922,-6.0019511584122665,26.05810350842108,-2.2572796939787594,9461,12009
2017,2017-05-03,Spring,Roads,0.1288193537560326,-0.1914176522517234,0.0507991987681285,-8.627284511375509,-15.379055115414095,-6.751770604038587,29.188724431893142,0.8733412294933025,18912,23895
2017,2017-05-03,Spring,Urban,0.2851256025171352,-0.3007230410719926,-0.0428813923559063,-7.124178178632482,-13.369010975782995,-6.244832797150513,27.68789986068922,-0.6274833417106187,9432,11905
2017,2017-05-03,Spring,Water,-0.2595383995433382,0.4000049580359385,-0.1581226626771677,-17.806965639975118,-24.121932034014684,-6.3149663940395655,20.532749805116733,-7.782633397283106,2722,3464
2017,2017-08-26,Summer,Dense Urban,0.1990205032115126,-0.1835658743257673,0.1074235999550365,-2.867381623567281,-10.626356372834277,-7.758974749266995,37.93736245982183,1.996872951624681,7047,8857
2017,2017-08-26,Summer,Nature,0.7852149761640673,-0.6756776320974134,-0.2540215141982788,-8.631554591877245,-14.369330981199544,-5.737776389322299,32.56361570255938,-3.3768738056377643,9461,12009
2017,2017-08-26,Summer,Roads,0.1992917486254087,-0.2305691803164988,0.011804899406247,-6.879311928976835,-13.629435576318553,-6.750123647341717,36.93726146424954,0.9967719560523918,18912,23895
2017,2017-08-26,Summer,Urban,0.3714534898559982,-0.3634359551047935,-0.0821042246813538,-5.872331090893929,-12.37626238550234,-6.503931294608411,35.68995989238066,-0.2505296158164896,9432,11905
2017,2017-08-26,Summer,Water,-0.5174313086182173,0.5216198204492914,-0.5021480111305536,-17.876748087605836,-23.18905711105033,-5.312309023444495,23.840051849702515,-12.10043765849463,2722,3464
2017,2017-10-25,Fall,Dense Urban,0.1679493768568707,-0.1522992478130068,0.0976268468391981,-3.617342649180234,-10.8757825325107,-7.258439883330466,20.014860477159896,0.2945952299343979,6505,8857
2017,2017-10-25,Fall,Nature,0.5351970397680682,-0.566578113355701,-0.0994718455803081,-9.873105084619048,-15.62367443359391,-5.750569348974862,19.095572041693966,-0.624693205531532,9380,12009
2017,2017-10-25,Fall,Roads,0.1599763837983094,-0.2149447464385773,0.0448758689466847,-8.12048863652454,-14.621927048775634,-6.501438412251094,20.09436909351388,0.3741038462883779,18572,23893
2017,2017-10-25,Fall,Urban,0.2930395141496363,-0.3085717340467971,-0.0450293776873154,-6.617119906097704,-12.87788876040864,-6.260768854310935,19.34345820528021,-0.3768070419452876,9268,11902
2017,2017-10-25,Fall,Water,-0.5275297205392461,0.699144457460989,-0.2304720261246756,-17.948210829643454,-23.562046273236017,-5.6138354435925635,16.732879661349624,-2.9873855858758738,2722,3464
2017,2017-10-30,Fall,Dense Urban,0.1837001088819349,-0.1678009361341912,0.0957433124330892,-3.3773303886028088,-10.87421809686186,-7.496887708259051,20.014860477159896,0.2945952299343979,7047,8857
2017,2017-10-30,Fall,Nature,0.4888810622085476,-0.550772382507412,-0.0723811730068745,-10.381343890656018,-16.124686053496184,-5.743342162840166,19.095572041693966,-0.624693205531532,9461,12009
2017,2017-10-30,Fall,Roads,0.1524513927417046,-0.214838682162697,0.0508381803611502,-8.127645746040102,-14.879151513592069,-6.751505767551967,20.09436909351388,0.3741038462883779,18912,23893
2017,2017-10-30,Fall,Urban,0.2770383037389706,-0.3086587843203986,-0.0370510220527285,-6.617566812536647,-12.866309050402364,-6.248742237865717,19.34345820528021,-0.3768070419452876,9432,11902
2017,2017-10-30,Fall,Water,-0.4472924078418032,0.6447039615063845,-0.2462729362017041,-16.316903389241748,-23.134712869310636,-6.817809480068888,16.732879661349624,-2.9873855858758738,2722,3464
2018,2018-01-03,Winter,Dense Urban,0.1601096881756714,-0.1760347052733296,0.128778307024345,-3.3756780723300785,-10.872706412535344,-7.497028340205265,2.5292251100795986,-0.0652168244142616,3818,5728
2018,2018-01-03,Winter,Nature,0.2696403356181471,-0.4337269176252361,0.0683889143015306,-11.137982182054705,-17.125807755849088,-5.9878255737943835,2.717152726630029,0.1227107921361692,7222,9486
2018,2018-01-03,Winter,Roads,0.1209840184610649,-0.2071535793317545,0.0661832212803969,-8.375885095246783,-15.127290339957204,-6.751405244710421,2.9071576148444658,0.3127156803506055,14171,15696
2018,2018-01-03,Winter,Urban,0.1756746791530943,-0.2773541109534271,0.0585880428777198,-7.62362646174964,-13.630066167216428,-6.006439705466788,2.281207199419025,-0.3132347350748352,8408,8473
2018,2018-01-03,Winter,Water,-0.7439725452236353,0.832036743225192,-0.0582837244614139,-18.810297634660238,-23.879903132408327,-5.069605497748089,1.290687740808817,-1.3037541936850432,1459,1672
2018,2018-10-20,Fall,Dense Urban,0.1915623813080045,-0.1758039800049525,0.0896328437913371,-3.3746358405281542,-10.872953505662991,-7.498317665134837,15.593626580723164,-0.3756775051376024,7642,8216
2018,2018-10-20,Fall,Nature,0.613845577825419,-0.6132995578600057,-0.1833875155668357,-9.875781570461733,-15.629151486387835,-5.753369915926102,15.283254381462337,-0.6860497043984299,8595,7482
2018,2018-10-20,Fall,Roads,0.1680813865708555,-0.2148471863768905,0.021458845678433,-7.627014621716637,-14.381677697017809,-6.754663075301171,16.78056631656463,0.8112622307038642,17189,13854
2018,2018-10-20,Fall,Urban,0.3320857865174915,-0.362953931638975,-0.0684210435660172,-7.127243960007304,-13.373494083046886,-6.246250123039582,16.156205056307677,0.18690097044691,11449,10527
2018,2018-10-20,Fall,Water,-0.4648446071972854,0.6753487492330252,-0.0107857919348623,-19.61803639193996,-24.131053314387334,-4.513016922447374,12.138661626927194,-3.830642458933573,2699,2800
2018,2018-10-30,Fall,Dense Urban,0.1836157176210195,-0.1602980047912579,0.105332229643946,-3.1233525449755533,-10.621403936605176,-7.498051391629623,16.279824707259174,-0.0022796382153345,7642,9558
2018,2018-10-30,Fall,Nature,0.5583855958298466,-0.5818315567619872,-0.1427608013294751,-9.627272929537826,-15.123635655118711,-5.496362725580886,16.16082318022292,-0.1212811652515881,8595,10838
2018,2018-10-30,Fall,Roads,0.1600877176118787,-0.2071531290568991,0.0273162721094536,-7.369884583950796,-13.869561466121148,-6.499676882170352,17.030330413833443,0.7482260683589352,17189,21359
2018,2018-10-30,Fall,Urban,0.2771130213167585,-0.332249008605354,-0.0429971193348374,-6.872467810553211,-12.873672032652758,-6.001204222099547,15.782834790902108,-0.4992695545724004,11449,14340
2018,2018-10-30,Fall,Water,-0.5976087306006315,0.7622219063334333,-0.2931619082913412,-16.928544437833732,-23.62255636074797,-6.694011922914239,13.351629601404134,-2.9304747440703736,2699,3387
2018,2018-12-14,Winter,Dense Urban,0.111289041236315,-0.1131516387015809,0.0035920207771257,-3.1161124825483406,-10.37973365893841,-7.263621176390069,7.641725497288158,-0.0153980312502248,7642,3923
2018,2018-12-14,Winter,Nature,0.2770725611153875,-0.4023232342699925,-0.0274545765647293,-10.619271118060784,-16.376874726134172,-5.757603608073389,7.718116377043724,0.0609928485053412,8595,8866
2018,2018-12-14,Winter,Roads,0.0976703482118659,-0.1522236268244265,0.0037380321107214,-7.873682831127578,-14.75555264561739,-6.8818698144898125,7.968356280899387,0.3112327523610041,17189,13226
2018,2018-12-14,Winter,Urban,0.1445029076241535,-0.1913494145700651,-0.0666103267654227,-7.12829947693092,-13.375472169205716,-6.2471726922747965,7.216829260520943,-0.44029426801744,11449,6295
2018,2018-12-14,Winter,Water,-0.4898892417516351,0.730481635618783,-0.0357840990074337,-19.874624747842088,-24.61427570968529,-4.7396509618432034,4.0472835260000295,-3.6098400025383537,2699,786
2018,2018-12-19,Winter,Dense Urban,0.1191712322847396,-0.1210496502533135,0.1112948501954154,-3.1161124825483406,-10.37973365893841,-7.263621176390069,7.641725497288158,-0.0153980312502248,7642,3923
2018,2018-12-19,Winter,Nature,0.3085426669200008,-0.4337364434886939,0.0742845818675351,-10.619271118060784,-16.376874726134172,-5.757603608073389,7.718116377043724,0.0609928485053412,8595,8866
2018,2018-12-19,Winter,Roads,0.1132733028401791,-0.1755982698732978,0.0741025024812401,-7.873682831127578,-14.75555264561739,-6.8818698144898125,7.968356280899387,0.3112327523610041,17189,13226
2018,2018-12-19,Winter,Urban,0.1601884109312218,-0.222619572629059,0.0507331456514811,-7.12829947693092,-13.375472169205716,-6.2471726922747965,7.216829260520943,-0.44029426801744,11449,6295
2018,2018-12-19,Winter,Water,-0.302689089078389,0.5586711368410318,0.026635515460671,-19.874624747842088,-24.61427570968529,-4.7396509618432034,4.0472835260000295,-3.6098400025383537,2699,786
2019,2019-01-23,Winter,Dense Urban,0.0840537790750329,-0.0839746901394008,0.0722103209138927,-3.622442795907163,-10.878467801089114,-7.256025005181951,3.7648902494827783,-0.21988718505263,7250,5964
2019,2019-01-23,Winter,Nature,0.2144771790076995,-0.3241387767341334,0.0761036875558182,-11.37377860769749,-17.12162669502586,-5.74784808732837,4.141452996346157,0.156675561810748,10692,12261
2019,2019-01-23,Winter,Roads,0.0879744034616397,-0.1387399399363706,0.0605648710962173,-8.38052292312678,-14.883192273281807,-6.502669350155028,4.328303584882758,0.3435261503473494,16482,15427
2019,2019-01-23,Winter,Urban,0.1153596619623103,-0.1446527144542631,0.0213770335508676,-6.121579992482345,-12.360466061744576,-6.238886069262231,3.637662676434523,-0.347114758100886,10353,7452
2019,2019-01-23,Winter,Water,-0.3613019519993761,0.4511142511800788,-0.3612085867548442,-18.81659587145112,-24.36134721857433,-5.54475134712321,2.359281017318684,-1.6254964172167248,2797,2135
2019,2019-02-07,Winter,Dense Urban,0.1602590366115457,-0.191513576823123,0.1053216986418487,-3.3779477967572027,-10.883771225738313,-7.50582342898111,6.406484708354985,0.1874657866587821,7250,9114
2019,2019-02-07,Winter,Nature,0.2695172204042457,-0.4338521492199952,0.0507883210847878,-11.370272340441256,-17.125617520559125,-5.755345180117869,6.530797271106143,0.3117783494099395,10692,13532
2019,2019-02-07,Winter,Roads,0.1287818665547855,-0.2145351760814726,0.0410006512040937,-8.123871225563658,-15.132960931021804,-7.0090897054581465,6.466598077846776,0.2475791561505724,16482,20829
2019,2019-02-07,Winter,Urban,0.1915105561300877,-0.2772104958084307,0.0271805282815849,-6.1179630835736,-12.37149312928126,-6.25353004570766,5.718358235243321,-0.500660686452882,10353,13071
2019,2019-02-07,Winter,Water,-0.5045525837351755,0.6835956842655073,0.0876667814183652,-19.878300450604502,-24.369871518707573,-4.49157106810307,2.86008069693787,-3.358938224758333,2797,3566
2019,2019-02-17,Winter,Dense Urban,0.1367594768313709,-0.1366750850785455,0.1131697652640104,-3.378994556529979,-10.612592601032183,-7.233598044502204,8.717513182824103,0.2489003761111501,7250,9120
2019,2019-02-17,Winter,Nature,0.2383779195782317,-0.3789468305310394,0.0662785410558902,-10.86237263978832,-16.87362912168145,-6.011256481893129,8.593050069177913,0.1244372624649603,10692,13533
2019,2019-02-17,Winter,Roads,0.1133306717627572,-0.1679022508619039,0.0663955779043528,-7.870572599302683,-14.62385624006182,-6.753283640759136,8.907880821180708,0.4392680144677552,16482,20828
2019,2019-02-17,Winter,Urban,0.1602361126829918,-0.1994007925831837,0.0431499175688151,-6.130859988602755,-12.368556139213208,-6.237696150610453,7.9700810293936195,-0.4985317773193332,10353,13071
2019,2019-02-17,Winter,Water,-0.6837143931801009,0.8634891399154742,0.2705514444021991,-18.87782286922868,-24.377158235411205,-5.499335366182525,4.204257577772506,-4.264355228940446,2792,3567
2019,2019-02-22,Winter,Dense Urban,0.103444260416259,-0.0996058826066079,0.0526897470105811,-3.3813948276799586,-10.872318205309304,-7.490923377629345,8.717513182824103,0.2489003761111501,7250,9120
2019,2019-02-22,Winter,Nature,0.1933325146795816,-0.2989537092331292,0.0292483651199205,-10.130974919968246,-16.372805025161355,-6.2418301051931095,8.593050069177913,0.1244372624649603,10692,13533
2019,2019-02-22,Winter,Roads,0.0878777946918102,-0.1229264978069403,0.0098099288561863,-7.624722328110103,-14.633043952956331,-7.008321624846229,8.907880821180708,0.4392680144677552,16482,20828
2019,2019-02-22,Winter,Urban,0.1152742447413503,-0.1388216893112316,-0.0098039129239083,-5.874319531582174,-12.3777497049022,-6.503430173320027,7.9700810293936195,-0.4985317773193332,10353,13071
2019,2019-02-22,Winter,Water,-0.1572515116812083,0.2285094098942652,-0.1494066367436435,-18.93590323857525,-24.10875471417757,-5.172851475602322,4.204257577772506,-4.264355228940446,2739,3567
2019,2019-05-23,Spring,Dense Urban,0.1521494565110465,-0.1600222201820357,0.1034641362840245,-3.1295740790202093,-10.872134245387915,-7.742560166367706,32.06511907950768,2.251557081747197,7250,9106
2019,2019-05-23,Spring,Nature,0.5195809831324585,-0.4960939681409199,-0.135112323928552,-10.373980954352602,-16.616979958007338,-6.242999003654736,27.56380601060109,-2.249755987159393,10692,13496
2019,2019-05-23,Spring,Roads,0.1366986150214344,-0.1835463985307412,0.0371084839781789,-7.628005090669295,-14.7469380782357,-7.118932987566406,30.564814751379224,0.7512527536187399,16482,20777
2019,2019-05-23,Spring,Urban,0.2772718666193221,-0.2851464875142585,-0.050545687720244,-6.126717576764189,-12.621926167162954,-6.495208590398765,29.685221377132446,-0.1283406206280375,10353,13033
2019,2019-05-23,Spring,Water,-0.3300872095560355,0.4100528880661854,-0.3552365402820866,-17.876520918260066,-24.627694601397437,-6.75117368313737,20.349021472301697,-9.464540525458789,2797,3540
2019,2019-06-12,Summer,Dense Urban,0.1365855464508961,-0.1270523156866524,0.0958220966538444,-3.3713913656811987,-11.125340130164842,-7.753948764483644,39.06216091132581,1.4992018350705365,4279,9089
2019,2019-06-12,Summer,Nature,0.4959811894047938,-0.4335866462971512,-0.1386921898807784,-10.117702681051007,-16.371134362932434,-6.253431681881427,35.06524534639465,-2.497713729860628,6002,13532
2019,2019-06-12,Summer,Roads,0.1290241133900253,-0.1524931395811155,0.0449233309611462,-7.870858046770582,-14.879764018450974,-7.008905971680392,38.68862528631739,1.1256662100621142,11425,20814
2019,2019-06-12,Summer,Urban,0.2461465970091854,-0.2382068685374908,-0.0293130149388889,-6.118830958425748,-12.625556878072905,-6.506725919647157,37.06112622190534,-0.5018328543499351,7270,13073
2019,2019-06-12,Summer,Water,-0.1307752207286752,0.2634293134182473,-0.1972582308702335,-18.37368221228566,-24.374373373083426,-6.000691160797764,25.186395394038428,-12.376563682216847,2625,3515
2019,2019-06-17,Summer,Dense Urban,0.1445508502498329,-0.1364918549332749,0.0995190333948284,-3.3713913656811987,-11.125340130164842,-7.753948764483644,39.06216091132581,1.4992018350705365,4657,9089
2019,2019-06-17,Summer,Nature,0.5037084845635935,-0.4649122960215767,-0.1111977235676921,-10.117702681051007,-16.371134362932434,-6.253431681881427,35.06524534639465,-2.497713729860628,8569,13532
2019,2019-06-17,Summer,Roads,0.1445249939178285,-0.1678402094211285,0.0352669293692488,-7.870858046770582,-14.879764018450974,-7.008905971680392,38.68862528631739,1.1256662100621142,13431,20814
2019,2019-06-17,Summer,Urban,0.2616149679146513,-0.2538775875684025,-0.0331746478732531,-6.118830958425748,-12.625556878072905,-6.506725919647157,37.06112622190534,-0.5018328543499351,6798,13073
2019,2019-06-17,Summer,Water,-0.2287610411009181,0.3691165886039287,-0.1738065070692254,-18.37368221228566,-24.374373373083426,-6.000691160797764,25.186395394038428,-12.376563682216847,1433,3515
2019,2019-08-11,Summer,Dense Urban,0.1687580331127479,-0.1524962513353013,0.074273573328599,-3.1320732409649232,-10.876568739750896,-7.744495498785973,35.59686140000003,2.064805969171111,3163,1286
2019,2019-08-11,Summer,Roads,0.168251985068964,-0.1758569241914599,0.0195799106854188,-7.125107805544828,-14.12349485009853,-6.998387044553701,34.78011738285716,1.2480619520282443,14175,2212
2019,2019-08-11,Summer,Urban,0.3245692914307735,-0.308333373945344,-0.0605722980918733,-5.624108167265959,-12.378655478775707,-6.754547311509748,34.27580855876523,0.7437531279363085,8299,1807
2019,2019-08-11,Summer,Water,-0.2304098434511085,0.3398986708101014,-0.0664319726615064,-19.310605951932786,-24.12629927007027,-4.815693318137484,28.096705728419728,-5.435349702409191,2740,853
2019,2019-08-16,Summer,Dense Urban,0.1444076724482104,-0.1211383645769952,0.1154060237154032,-3.1320732409649232,-10.876568739750896,-7.744495498785973,35.59686140000003,2.064805969171111,2497,1286
2019,2019-08-16,Summer,Roads,0.1441733506741226,-0.1523564042983924,0.0429285558355435,-7.125107805544828,-14.12349485009853,-6.998387044553701,34.78011738285716,1.2480619520282443,10398,2212
2019,2019-08-16,Summer,Urban,0.3163182198274198,-0.2773020397142369,-0.0372302061848948,-5.624108167265959,-12.378655478775707,-6.754547311509748,34.27580855876523,0.7437531279363085,5895,1807
2019,2019-08-16,Summer,Water,-0.4959574258250538,0.6133525197635441,-0.0977451615519091,-19.310605951932786,-24.12629927007027,-4.815693318137484,28.096705728419728,-5.435349702409191,1710,853
2019,2019-10-15,Fall,Dense Urban,0.1542568870161358,-0.128877177552366,0.068443850801199,-3.377307325764667,-10.882258489472438,-7.504951163707771,25.845014985846763,0.2835648280161216,6646,9120
2019,2019-10-15,Fall,Nature,0.5663736160078202,-0.5349461040186215,-0.1288615687800437,-9.87246906634276,-15.873570453645424,-6.001101387302665,25.15437080780709,-0.407079350023551,10095,13533
2019,2019-10-15,Fall,Roads,0.1504089812267372,-0.1759903503971582,0.0351425263709399,-7.627433112871173,-14.37861598625942,-6.751182873388248,26.34478559896274,0.783335441132099,15207,20832
2019,2019-10-15,Fall,Urban,0.2620431292162189,-0.2539900462543341,-0.0410559940019528,-6.136377187561335,-12.37397433388458,-6.237597146323244,24.97116176761973,-0.5902883902109117,9257,13073
2019,2019-10-15,Fall,Water,-0.2010162736335313,0.3808812654042502,-0.4104795495351799,-16.621176046370767,-23.872759627376723,-7.251583581005956,19.549026497031495,-6.012423660799144,2471,3567
2019,2019-10-20,Fall,Dense Urban,0.0917419363431289,-0.0567167277271801,0.0526162512753501,-3.128080367358363,-10.866494960683792,-7.7384145933254285,25.845014985846763,0.2835648280161216,4750,9120
2019,2019-10-20,Fall,Nature,0.4722886722539368,-0.433564669141158,-0.1113242041537146,-9.877784673981475,-15.873125313952874,-5.995340639971399,25.15437080780709,-0.407079350023551,6072,13533
2019,2019-10-20,Fall,Roads,0.1112814485436349,-0.1211577301445867,0.0253810087565466,-7.624897553080081,-14.370920570220749,-6.746023017140668,26.34478559896274,0.783335441132099,10233,20832
2019,2019-10-20,Fall,Urban,0.183361447481629,-0.1521688476934178,-0.0487236640672523,-5.877927125135919,-12.370785831676526,-6.492858706540607,24.97116176761973,-0.5902883902109117,7193,13073
2019,2019-10-20,Fall,Water,-0.2245139138504804,0.3925866296406257,-0.392387227356628,-19.12825813265818,-24.128193473287645,-4.999935340629467,19.549026497031495,-6.012423660799144,2795,3567
2019,2019-11-04,Fall,Dense Urban,0.1522999387170373,-0.1446546560474499,0.112998647081041,-3.377128549967064,-10.873519286491852,-7.496390736524789,20.96998782948228,-0.1227772028389999,7250,9120
2019,2019-11-04,Fall,Nature,0.4803891563922616,-0.5272075497828125,-0.060466908192328,-10.371140699247066,-16.129091655138946,-5.75795095589188,21.21905740863244,0.1262923763111594,10692,13533
2019,2019-11-04,Fall,Roads,0.1445256511960417,-0.1914220132834739,0.0664087915164492,-7.623600192378397,-14.632916086099138,-7.009315893720741,21.90896071963546,0.8161956873141776,16482,20827
2019,2019-11-04,Fall,Urban,0.2305245648657321,-0.2615438171809217,0.0117916860038468,-6.127246713376275,-12.619256456027198,-6.492009742650923,20.40750439329953,-0.6852606390217559,10353,13071
2019,2019-11-04,Fall,Water,-0.5817947241520137,0.6995067064632458,-0.4495421443045626,-18.61929890208669,-23.86236554484996,-5.243066642763271,16.827882772786836,-4.2648822595344456,2797,3567
2019,2019-11-19,Fall,Dense Urban,0.1445155607218695,-0.1367023820847378,0.0957243667221225,-1.3773725866485178,-9.886403022952605,-8.509030436304087,6.846338025542625,-0.1216197796509028,7250,8432
2019,2019-11-19,Fall,Nature,0.4023131094229979,-0.4805059089229553,-0.0409712175956887,-8.876703953368294,-14.629896337221892,-5.753192383853598,6.783252027990659,-0.1847057772028693,10692,13126
2019,2019-11-19,Fall,Roads,0.1287620286243282,-0.1835919367717549,0.0272925741043108,-5.875229088509715,-13.618568413417728,-7.743339324908013,7.343314242141839,0.3753564369483113,16481,18975
2019,2019-11-19,Fall,Urban,0.2068889315273482,-0.2459726762885715,-0.0175624629266232,-4.1261476081776856,-11.374321508782042,-7.248173900604357,6.2169203421789865,-0.7510374630145416,10352,11871
2019,2019-11-19,Fall,Water,-0.3419076018982121,0.519622173115169,-0.1425321910212286,-16.126693564210168,-23.37160125095349,-7.244907686743321,8.579859078591038,1.6119012733975104,2797,2439
2019,2019-12-04,Winter,Dense Urban,0.1309149039478232,-0.121053796030035,0.1035259752339292,-3.378562928941799,-10.876198023981418,-7.49763509503962,0.1549332195356224,-0.8154718829070768,7250,6316
2019,2019-12-04,Winter,Nature,0.3320321450709751,-0.4491765860957835,0.0349145201102531,-10.381808199932491,-16.371309929617414,-5.989501729684923,1.0949371975820217,0.1245320951393224,10692,12133
2019,2019-12-04,Winter,Roads,0.1210595614555437,-0.1757163609903526,0.0527613601684049,-7.629562582833964,-14.869842340254577,-7.240279757420613,1.592795785754777,0.6223906833120777,16482,15610
2019,2019-12-04,Winter,Urban,0.1837575424226124,-0.2067312601601655,0.0214861342010894,-5.886608825000825,-12.375910062339273,-6.489301237338448,0.2838077949172818,-0.6865973075254175,10353,8191
2019,2019-12-04,Winter,Water,-0.3496766784149928,0.5818782843884934,-0.1996250373987383,-18.61386015089529,-24.123475779933745,-5.5096156290384535,4.279666549910269,3.30926144746757,2797,1487
2019,2019-12-19,Winter,Dense Urban,0.1154087376692791,-0.1055203802590374,0.1075532708179539,-2.6300553049930704,-10.621953420167062,-7.991898115173991,0.8616951496759675,-0.0910868907086638,7250,7024
2019,2019-12-19,Winter,Nature,0.3007262050651528,-0.4179346302934478,0.0645882295795485,-10.125267445124363,-16.12328063168718,-5.998013186562817,1.2978392638709886,0.3450572234863572,10692,5284
2019,2019-12-19,Winter,Roads,0.1054040947436262,-0.1600849221666301,0.0585951120106742,-6.875273049789015,-14.125672050513916,-7.250399000724902,1.0150480193343658,0.0622659789497345,16482,7729
2019,2019-12-19,Winter,Urban,0.1601769826676321,-0.1832715193989606,0.0371767865459874,-5.38311032279689,-12.12103660125525,-6.73792627845836,0.8291542407606578,-0.1236277996239735,10353,7050
2019,2019-12-24,Winter,Dense Urban,0.1074368881415612,-0.0897939979452139,0.076166390449772,-2.6300553049930704,-10.621953420167062,-7.991898115173991,0.8616951496759675,-0.0910868907086638,7250,7024
2019,2019-12-24,Winter,Nature,0.2849937383036905,-0.4022536855302407,0.011510593311988,-10.125267445124363,-16.12328063168718,-5.998013186562817,1.2978392638709886,0.3450572234863572,10692,5284
2019,2019-12-24,Winter,Roads,0.1074027058321422,-0.1522006010151472,0.0195348676544022,-6.875273049789015,-14.125672050513916,-7.250399000724902,1.0150480193343658,0.0622659789497345,16482,7729
2019,2019-12-24,Winter,Urban,0.1425394877391376,-0.1601228510033576,-0.0175320294799024,-5.38311032279689,-12.12103660125525,-6.73792627845836,0.8291542407606578,-0.1236277996239735,10353,7050
2020,2020-01-18,Winter,Dense Urban,0.0957161797456596,-0.0841507403107969,0.0760092913802105,-3.1275693423513635,-10.877696472292683,-7.75012712994132,7.908806603278089,0.0641161341056726,7213,8732
2020,2020-01-18,Winter,Nature,0.2305223025627663,-0.3398091743203936,0.0527850644980052,-10.126225852400925,-16.373152372879325,-6.2469265204784,8.280338806253035,0.4356483370806181,13264,16403
2020,2020-01-18,Winter,Roads,0.0918020616745786,-0.1368569345597807,0.0448688892417161,-7.378488487282747,-14.62180881274112,-7.243320325458373,8.09511499311085,0.2504245239384328,14494,17222
2020,2020-01-18,Winter,Urban,0.1189423390338032,-0.1368393775249281,0.0099478095852848,-6.123810160839326,-12.379135728729818,-6.255325567890492,7.343393683510561,-0.5012967856618555,9827,11762
2020,2020-01-18,Winter,Water,-0.2754161263726403,0.4746349054631002,-0.322148389087555,-18.87486954714733,-24.0658561967407,-5.19098664959337,4.142669160780204,-3.702021308392213,2776,3412
2020,2020-02-22,Winter,Roads,0.0752253195541611,-0.0954548060701899,-0.0174125360704549,-6.88020367460973,-14.130736447782107,-7.250532773172377,13.843409161949284,0.6866575610526962,2515,18229
2020,2020-02-22,Winter,Urban,0.1023125081181994,-0.114840397301376,-0.0724228042528649,-5.620372143912945,-12.129690010676088,-6.509317866763142,12.531443508403472,-0.625308092493114,1485,12460
2020,2020-02-22,Winter,Water,-0.1065607043838431,0.2117672181406961,-0.3388548591133971,-19.37715783561727,-23.87937273645495,-4.502214900837682,6.7797846826214965,-6.376966918275091,749,3537
2020,2020-03-08,Spring,Dense Urban,0.1034822928764249,-0.0995254930916543,0.1151343263558816,-2.871299679971812,-10.630671482294362,-7.75937180232255,12.406473260906006,0.0623303690266912,7213,9047
2020,2020-03-08,Spring,Nature,0.2149252833856155,-0.3086549791635096,0.1073101922152444,-9.37263140938517,-15.873642145452378,-6.501010736067208,12.219640025653083,-0.1245028662262317,13264,16853
2020,2020-03-08,Spring,Roads,0.0918593264506757,-0.1365903887513838,0.0762161901121101,-7.116920778420193,-14.377416828627274,-7.260496050207081,13.030400552506478,0.6862576606271631,14494,18228
2020,2020-03-08,Spring,Urban,0.1268753708814136,-0.1525714325657245,0.0605525453600833,-5.870712972928494,-12.371612853969536,-6.500899881041041,11.964901274027971,-0.3792416178513438,9827,12460
2020,2020-03-08,Spring,Water,-0.2638502695568857,0.4550346151175077,-0.2830294509428978,-15.81512034110458,-23.813930198373264,-7.998809857268684,8.360006246196033,-3.9841366456832814,2776,3537
2020,2020-03-13,Spring,Dense Urban,0.1112813442693073,-0.1191501016464277,0.059546724448857,-2.868029380193912,-10.62741889124909,-7.759389511055177,12.406473260906006,0.0623303690266912,7213,9047
2020,2020-03-13,Spring,Nature,0.1895856194490143,-0.263644899399975,0.0448117843744495,-9.870646483357032,-16.122927076180112,-6.25228059282308,12.219640025653083,-0.1245028662262317,13264,16853
2020,2020-03-13,Spring,Roads,0.099569828005928,-0.1387007329720656,0.02542434300694,-7.374308880839029,-14.366077282724838,-6.991768401885809,13.030400552506478,0.6862576606271631,14494,18228
2020,2020-03-13,Spring,Urban,0.1270046335926743,-0.1581361394854935,0.0096765332103674,-5.884951632399212,-12.371180606978474,-6.486228974579261,11.964901274027971,-0.3792416178513438,9827,12460
2020,2020-03-13,Spring,Water,-0.1200567672547188,0.1699695153842351,-0.254861298536552,-17.931237028149322,-23.806380788663542,-5.87514376051422,8.360006246196033,-3.9841366456832814,2776,3537
2020,2020-03-28,Spring,Dense Urban,0.0845000601780932,-0.081076774962881,-0.0912829509962726,-3.132430947123423,-10.626473562333624,-7.494042615210201,19.098992013018076,-0.4940511147202393,7213,3999
2020,2020-03-28,Spring,Nature,0.1493335377784941,-0.1815505086764969,-0.0790729875957584,-9.870545013319232,-15.872309692764455,-6.001764679445223,19.84340365793105,0.2503605301927365,13261,2290
2020,2020-03-28,Spring,Roads,0.0844752293481192,-0.1005272811757519,-0.092776680327088,-7.628491392862376,-14.624390097708517,-6.995898704846141,20.094426238612456,0.5013831108741442,14494,5525
2020,2020-03-28,Spring,Urban,0.0985892812289059,-0.1104113503835836,-0.115259972958685,-6.114885511302367,-12.382812709721948,-6.2679271984195815,19.093668050989464,-0.4993750767488478,9827,1931
2020,2020-04-07,Spring,Dense Urban,0.059587511374862,-0.0420081482740714,0.0644345383385552,-3.1269575489253265,-10.873000828325258,-7.746043279399932,19.97211214760001,-1.8415448251427904,7039,5058
2020,2020-04-07,Spring,Nature,0.1621746245347159,-0.1815548038325214,0.0450162096514322,-10.117766067112964,-15.873571625058208,-5.755805557945244,22.652078358653863,0.8384213859110581,11748,6649
2020,2020-04-07,Spring,Roads,0.0692576003971872,-0.0839276609947864,0.0527214568351949,-7.623796327726816,-14.624223851505642,-7.000427523778826,23.0914528764669,1.277795903724094,13587,8761
2020,2020-04-07,Spring,Urban,0.0849864310273759,-0.083966838551545,0.0096669325251865,-6.127557189724667,-12.62225261877741,-6.494695429052743,21.40697525965704,-0.4066817130857671,9188,6833
2020,2020-04-07,Spring,Water,-0.0854623612248166,0.1728796636795536,-0.3487328090496587,-18.181728560672987,-23.9366601537774,-5.754931593104413,13.110599035100956,-8.703057937641848,2636,935
2020,2020-04-12,Spring,Dense Urban,0.130899639108815,-0.1661823877500434,0.1228088092276368,-3.1269575489253265,-10.873000828325258,-7.746043279399932,19.97211214760001,-1.8415448251427904,4736,5058
2020,2020-04-12,Spring,Nature,0.2558434464093714,-0.3064799605715388,0.0449034342475941,-10.117766067112964,-15.873571625058208,-5.755805557945244,22.652078358653863,0.8384213859110581,6641,6649
2020,2020-04-12,Spring,Roads,0.1112645166709817,-0.1659598539983911,0.080067786342783,-7.623796327726816,-14.624223851505642,-7.000427523778826,23.0914528764669,1.277795903724094,8793,8761
2020,2020-04-12,Spring,Urban,0.1503193026672678,-0.1815727563545401,0.0369054849523562,-6.127557189724667,-12.62225261877741,-6.494695429052743,21.40697525965704,-0.4066817130857671,6300,6833
2020,2020-04-12,Spring,Water,-0.1709144420815281,0.2393077964584985,-0.3613879711923707,-18.181728560672987,-23.9366601537774,-5.754931593104413,13.110599035100956,-8.703057937641848,1019,935
2020,2020-07-16,Summer,Dense Urban,0.1386738239352445,-0.1189055293133279,0.1112368060869221,-2.62125692457294,-10.62308622654325,-8.00182930197031,39.441683010233554,1.6284301619968176,7040,3208
2020,2020-07-16,Summer,Nature,0.5488365149656904,-0.474651083755372,-0.1309962298120199,-9.125669807785938,-15.37097519422956,-6.245305386443622,36.69356973340148,-1.1196831148352544,12517,11780
2020,2020-07-16,Summer,Roads,0.1387775350000098,-0.1524118086198384,0.0604838463459563,-6.875450909586161,-14.127901898157454,-7.252450988571293,39.31151584596372,1.4982629977269823,14130,11957
2020,2020-07-16,Summer,Urban,0.267527987629921,-0.2461837467433884,-0.021479046328433,-5.623553027359093,-12.38562836801591,-6.762075340656817,37.93891811934843,0.1256652711116928,9379,7979
2020,2020-07-16,Summer,Water,-0.1309393269617778,0.3028464624806669,-0.3651958951984824,-19.369884046982985,-23.931771268355902,-4.561887221372917,27.597581582300588,-10.215671265936148,2776,3523
2020,2020-08-20,Summer,Dense Urban,0.1287954852327721,-0.0973811068494329,0.0761373542030657,-3.122960061249143,-10.87207384704879,-7.749113785799647,34.09600005384616,0.155796096433967,2146,2895
2020,2020-08-20,Summer,Nature,0.5586306606490443,-0.4725945290982215,-0.1192505542209378,-8.872115897270492,-14.875712701097308,-6.003596803826817,32.062059050000016,-1.878144907412178,10368,3147
2020,2020-08-20,Summer,Roads,0.1445625763284218,-0.1445677745705322,0.0448127459764149,-7.117460608409706,-13.879663170332972,-6.7622025619232655,35.813999067291995,1.8737951098798007,11442,2944
2020,2020-08-20,Summer,Urban,0.2617665870779107,-0.230584730620614,-0.0332486256276309,-5.877311704965495,-12.378777424891748,-6.501465719926253,33.8150498991837,-0.125154058228496,7360,2292
2020,2020-09-04,Fall,Dense Urban,0.1522534287010701,-0.1211699809612642,0.1152432502952406,-2.8791998211508525,-10.871962534134092,-7.9927627129832395,30.28381626539266,0.5002558267748611,4465,3560
2020,2020-09-04,Fall,Nature,0.6600965877074043,-0.5743755255090599,-0.1971550317840617,-8.624065878959833,-14.623638540990898,-5.999572662031065,29.032435634268143,-0.7511248043496543,7005,12135
2020,2020-09-04,Fall,Roads,0.1446908777544452,-0.1606220644818369,0.0194384368893614,-6.8748778291092245,-13.87640729997833,-7.001529470869106,31.09264579233329,1.309085353715492,8370,12361
2020,2020-09-04,Fall,Urban,0.2852089220322468,-0.2614220156660848,-0.0484533197724612,-5.625465162177182,-12.378375363109722,-6.75291020093254,29.403517783516968,-0.38004265510083,5806,6998
2020,2020-09-04,Fall,Water,-0.4882289197505211,0.480594908251273,-0.5584724700800987,-18.68949982407272,-23.937781643927288,-5.248281819854569,24.217916698516863,-5.565643740100931,2494,657
2020,2020-10-04,Fall,Dense Urban,0.1582907655472049,-0.1346782167493698,0.0566738977536181,-3.1190701204634936,-10.871366849875027,-7.752296729411533,24.15812352551728,0.5007544456907524,7213,5999
2020,2020-10-04,Fall,Nature,0.5429811900989061,-0.5117261204793898,-0.1620876422519494,-9.620503991432798,-15.36973671225908,-5.7492327208262815,22.781084391250708,-0.8762846885758151,13264,14880
2020,2020-10-04,Fall,Roads,0.1444398082203145,-0.168143668479494,0.0018526554456068,-7.62688981237111,-14.129430278367083,-6.502540465995973,24.778080024275592,1.120710944449069,14494,14899
2020,2020-10-04,Fall,Urban,0.2715084803581528,-0.2620582178973734,-0.0607416335723327,-6.3692061462044025,-12.632719918213304,-6.263513772008902,23.34301642726911,-0.3143526525574138,9827,10951
2020,2020-10-04,Fall,Water,-0.1309111745137763,0.255727753033193,-0.1543254831043375,-17.803421986509118,-23.933704155827733,-6.130282169318615,19.89121422133724,-3.766154858489287,2776,3537
2020,2020-10-09,Fall,Dense Urban,0.1678594892872112,-0.144417428404288,0.1111245100585512,-3.1190701204634936,-10.871366849875027,-7.752296729411533,24.15812352551728,0.5007544456907524,7213,5999
2020,2020-10-09,Fall,Nature,0.566307977966767,-0.5587650030565197,-0.1270429261884357,-9.620503991432798,-15.36973671225908,-5.7492327208262815,22.781084391250708,-0.8762846885758151,13264,14880
2020,2020-10-09,Fall,Roads,0.1524982282950421,-0.1834213981494651,0.0429109679417381,-7.62688981237111,-14.129430278367083,-6.502540465995973,24.778080024275592,1.120710944449069,14494,14899
2020,2020-10-09,Fall,Urban,0.2774200980742093,-0.2693914450037164,-0.0254691941403926,-6.3692061462044025,-12.632719918213304,-6.263513772008902,23.34301642726911,-0.3143526525574138,9827,10951
2020,2020-10-09,Fall,Water,-0.418266533960736,0.621033921382782,-0.2522750080392931,-17.803421986509118,-23.933704155827733,-6.130282169318615,19.89121422133724,-3.766154858489287,2776,3537
2020,2020-12-03,Winter,Dense Urban,0.1191665843282063,-0.1056019795238371,0.0995869979460679,-3.1172857049266645,-10.874060391382038,-7.7567746864553735,4.716922335928235,-0.2524334083090505,7213,7343
2020,2020-12-03,Winter,Nature,0.2851100718115342,-0.3945517043566204,0.076095416035577,-9.874620219816968,-15.87781364226957,-6.003193422452602,4.968780845144008,-0.0005748990932774589,13264,15271
2020,2020-12-03,Winter,Roads,0.1054287052081524,-0.1602148846855604,0.0684457230773194,-7.365790942987746,-14.36575848640899,-6.999967543421243,5.40659692752669,0.4372411832894043,14494,14732
2020,2020-12-03,Winter,Urban,0.1524904400584074,-0.1756167131855172,0.0410699133056855,-5.874928497604095,-12.378356609711528,-6.503428112107432,4.530310748769407,-0.4390449954678788,9827,9121
2020,2020-12-03,Winter,Water,-0.3343088418850405,0.5512426916553853,-0.2792956407145386,-18.86108655513376,-24.06460870362752,-5.203522148493761,5.3569567546904455,0.3876010104531602,2776,2129
2020,2020-12-08,Winter,Dense Urban,0.1365916789129962,-0.121117138034031,0.1192315629063818,-3.1172857049266645,-10.874060391382038,-7.7567746864553735,4.716922335928235,-0.2524334083090505,7213,7343
2020,2020-12-08,Winter,Nature,0.3006157268490095,-0.4178554512517274,0.0762321375646561,-9.874620219816968,-15.87781364226957,-6.003193422452602,4.968780845144008,-0.0005748990932774589,13264,15271
2020,2020-12-08,Winter,Roads,0.1133563210037666,-0.1678318342138339,0.066455318215172,-7.365790942987746,-14.36575848640899,-6.999967543421243,5.40659692752669,0.4372411832894043,14494,14732
2020,2020-12-08,Winter,Urban,0.1679124503785219,-0.1914383106676037,0.056576928990722,-5.874928497604095,-12.378356609711528,-6.503428112107432,4.530310748769407,-0.4390449954678788,9827,9121
2020,2020-12-08,Winter,Water,-0.5274312916919238,0.7618865700641935,-0.0591244317542059,-18.86108655513376,-24.06460870362752,-5.203522148493761,5.3569567546904455,0.3876010104531602,2775,2129
2020,2020-12-28,Winter,Dense Urban,0.0253359038844506,0.0059297947127566,-0.0331042832055045,-2.876818964080146,-10.872367014734666,-7.99554805065452,6.669876813267171,0.0899029560219748,4746,3604
2020,2020-12-28,Winter,Nature,0.1895882809639295,-0.2597302590434497,0.0137358710148378,-10.128774595177942,-16.37958786224242,-6.250813267064478,6.548977392108989,-0.0309964651362077,12245,12046
2020,2020-12-28,Winter,Roads,0.0645249088671125,-0.0839172498936697,0.0059424197853536,-7.626105268023738,-14.621980318131929,-6.99587505010819,6.735580596025942,0.1556067387807456,13467,11096
2020,2020-12-28,Winter,Urban,0.0762954977859384,-0.0646085497571268,-0.0526265045873637,-5.883048033599898,-12.628311893145169,-6.745263859545271,6.171793174962548,-0.4081806822826488,9030,4565
2020,2020-12-28,Winter,Water,-0.1532846313392362,0.2989051432291626,-0.3652125570375836,-16.188139385757037,-23.81025688765897,-7.622117501901933,3.200632357599036,-3.3793414996461606,2776,418
2021,2021-01-07,Winter,Dense Urban,0.0488257069628552,-0.0644561546174385,-0.5510555635770228,-3.3746093397064088,-10.87671939982417,-7.5021100601177615,-8.907143484574961,-2.565430353297158,6112,4073
2021,2021-01-07,Winter,Nature,0.1130763513379282,-0.1522382562214779,-0.4901623325330922,-11.87518063747924,-18.37729882531021,-6.50211818783097,-6.031448859425277,0.3102642718525263,12199,12772
2021,2021-01-07,Winter,Roads,0.0584903201158927,-0.0898105366781571,-0.4805586674508059,-7.374690189762916,-14.37233053948815,-6.997640349725234,-5.534246331598952,0.8074667996788509,17639,14381
2021,2021-01-07,Winter,Urban,0.0740408794487105,-0.0898751840800169,-0.4651737105586545,-6.374338763054508,-12.881955725307307,-6.507616962252799,-7.277344253835778,-0.9356311225579752,8912,5913
2021,2021-01-07,Winter,Water,-0.4259975927553466,0.660397802366595,-0.0110158810038153,-19.630096459829254,-24.430536810394727,-4.800440350565474,-5.280183464038123,1.0615296672396806,2711,1983
2021,2021-02-26,Winter,Dense Urban,0.129039429322924,-0.1445983626539264,0.1229183331901896,-3.131114804198545,-10.37492643121758,-7.243811627019035,13.468582261817712,-0.4672571236537326,6112,7654
2021,2021-02-26,Winter,Nature,0.2381600385188463,-0.3790934662067637,0.1133827840414276,-10.118152207762122,-16.123126373657016,-6.004974165894893,14.906199171479171,0.9703597860077268,12199,15481
2021,2021-02-26,Winter,Roads,0.1132235651662097,-0.1757198822808031,0.0879181288747278,-6.625044036880839,-13.61625821315997,-6.991214176279131,14.565181778584565,0.6293423931131201,17639,22255
2021,2021-02-26,Winter,Urban,0.1522392410933257,-0.2068632084733256,0.0663245014374892,-5.872946795875536,-12.129833795685649,-6.256886999810113,13.094558009753536,-0.8412813757179087,8912,11263
2021,2021-02-26,Winter,Water,-0.3222965072395377,0.5506489532048598,-0.0878712505381332,-19.37401408915646,-24.06340959390145,-4.68939550474499,6.162654968189547,-7.773184417281898,2712,3464
2021,2021-05-02,Spring,Dense Urban,0.1680656827781427,-0.1757447860045252,0.0800442513630414,-3.1227776953377564,-10.627191235873504,-7.504413540535747,22.59396685586209,-0.2178370686458564,6112,4523
2021,2021-05-02,Spring,Nature,0.5427658304378569,-0.5115992741165256,-0.1580832421679674,-9.875775350056362,-16.117508088059925,-6.241732738003563,22.815932032810604,0.0041281083026554,12199,9291
2021,2021-05-02,Spring,Roads,0.1445899160632875,-0.1915238768971712,0.0196366147699438,-6.626171344117282,-13.872303606392302,-7.246132262275021,23.687654866593093,0.8758509420851439,17639,16260
2021,2021-05-02,Spring,Urban,0.292986823724939,-0.3008302551681083,-0.0742432784020888,-5.8657566561285615,-12.380769654590011,-6.51501299846145,21.68184733488482,-1.1299565896231272,8912,7152
2021,2021-05-02,Spring,Water,-0.1854532027428738,0.31425502060888,-0.2285020015535098,-19.36068874240054,-23.943905624688316,-4.5832168822877755,16.60884882800002,-6.202955096507928,2712,728
2021,2021-07-31,Summer,Roads,0.1207612084351352,-0.1211742584488558,0.0663443019192476,-6.127573879021907,-13.62385757458627,-7.496283695564363,41.44269936512213,0.8777661273569493,9412,3793
2021,2021-07-31,Summer,Urban,0.2458902560181302,-0.214541540946261,-0.0173899474204417,-5.623583687937411,-12.12480892769294,-6.501225239755528,40.30837410200001,-0.2565591357651726,4047,1610
2021,2021-09-24,Fall,Dense Urban,0.139024618182133,-0.1036322983269626,-0.045024025599949,-3.123185365733283,-10.614609573579411,-7.491424207846128,28.528284884878065,0.3099244846775306,1319,1855
2021,2021-09-24,Fall,Nature,0.5840834520283491,-0.5175692391604665,-0.1815646701614211,-9.62556497930283,-15.374720141411284,-5.749155162108455,27.97256005112568,-0.2458003490748588,6682,7586
2021,2021-09-24,Fall,Roads,0.150546602010022,-0.1581519890037863,-0.0488043659385922,-6.630320566922417,-13.625334361835264,-6.995013794912848,28.59206587304223,0.3737054728416957,9862,6233
2021,2021-09-24,Fall,Urban,0.2713289140635014,-0.2441924298665836,-0.1268377694402802,-6.125129803590848,-12.38118078558532,-6.256050981994472,28.41135248661623,0.1929920864156962,3194,4234
2021,2021-10-24,Fall,Dense Urban,0.1678832514806327,-0.1445310861816148,0.0957994502586931,-3.1312437554548334,-10.61987970353105,-7.488635948076216,20.281657266792703,0.1878752154833947,6112,7589
2021,2021-10-24,Fall,Nature,0.5739568758168955,-0.5821104188991286,-0.1266843917142604,-9.868331590297204,-15.62683078393491,-5.7584991936377055,19.907508503687108,-0.1862735476221999,12199,15481
2021,2021-10-24,Fall,Roads,0.1681368184233684,-0.1911806696254453,0.0273341682817938,-6.62882741294252,-13.622988051978654,-6.994160639036133,20.7164203919986,0.6226383406892886,17639,22132
2021,2021-10-24,Fall,Urban,0.2851186305636953,-0.2931873763645569,-0.0510638630200659,-6.126536939205368,-12.627741613713944,-6.501204674508576,19.46603709702645,-0.6277449542828535,8912,11235
2021,2021-10-24,Fall,Water,-0.5503712174123556,0.7535444995020973,-0.1834025691479549,-19.61417438678648,-23.937899861200343,-4.3237254744138625,16.295470692613435,-3.798311358695873,2712,3297
2021,2021-11-28,Fall,Dense Urban,0.1308436118762468,-0.1291097388345255,0.0957908688284152,-2.3793776286954027,-10.11877389555585,-7.739396266860448,10.858008970138496,-0.1105695785359994,6112,4076
2021,2021-11-28,Fall,Nature,0.3477863692846264,-0.457161587298201,0.035265191680856,-9.371418975333675,-15.124333151331983,-5.752914175998308,11.219290643964706,0.2507120952902095,12199,7628
2021,2021-11-28,Fall,Roads,0.1288650006431671,-0.1758123840354972,0.0508076825932783,-5.62085868618312,-13.127914877741938,-7.507056191558818,11.09622241255053,0.1276438638760328,17639,9552
2021,2021-11-28,Fall,Urban,0.1757527330628116,-0.1989648558296591,0.0136472850464286,-5.119669106381349,-11.872292717650746,-6.752623611269397,10.5316914506008,-0.4368870980736972,8912,3081
2021,2021-12-08,Winter,Dense Urban,0.1151725141680545,-0.097695484419647,0.111108507035532,-3.1314009779549714,-10.6278735959601,-7.496472618005129,8.171821643007071,0.5631002107437952,6112,5514
2021,2021-12-08,Winter,Nature,0.3240833595570197,-0.4413310878879976,0.042835346324498,-10.36958069329172,-16.6319546388172,-6.2623739455254785,6.953364402610282,-0.6553570296529942,12199,4224
2021,2021-12-08,Winter,Roads,0.1055363382866341,-0.1522020889074653,0.0506512322765422,-6.621179714015621,-13.87400658145869,-7.252826867443069,7.89453236172356,0.2858109294602844,17639,6596
2021,2021-12-08,Winter,Urban,0.1523103755486469,-0.1754641958651831,0.0174943466526355,-5.879419838237221,-12.380132116625132,-6.500712278387911,7.391259717629738,-0.2174617146335382,8912,5053
2021,2021-12-08,Winter,Water,-0.4001003609765111,0.6054698724300325,-0.2323047025313875,-16.1802597699907,-24.12134406315855,-7.941084293167851,6.264535320962311,-1.3441861113009643,2712,736
2021,2021-12-13,Winter,Dense Urban,0.1604543394478812,-0.1603586511589698,0.1286164582310086,-3.1314009779549714,-10.6278735959601,-7.496472618005129,8.171821643007071,0.5631002107437952,6112,5514
2021,2021-12-13,Winter,Nature,0.3402333362533721,-0.4961395449901349,0.0743992142972874,-10.36958069329172,-16.6319546388172,-6.2623739455254785,6.953364402610282,-0.6553570296529942,12199,4224
2021,2021-12-13,Winter,Roads,0.1367523397812013,-0.1990290487249509,0.0741041315454434,-6.621179714015621,-13.87400658145869,-7.252826867443069,7.89453236172356,0.2858109294602844,17639,6596
2021,2021-12-13,Winter,Urban,0.199221828516185,-0.261494861773181,0.0429903412915559,-5.879419838237221,-12.380132116625132,-6.500712278387911,7.391259717629738,-0.2174617146335382,8912,5053
2021,2021-12-13,Winter,Water,-0.9654645226152244,0.9890876331810562,0.8568010657028209,-16.1802597699907,-24.12134406315855,-7.941084293167851,6.264535320962311,-1.3441861113009643,2681,736
2021,2021-12-23,Winter,Dense Urban,0.0957380603016894,-0.0918554036609221,0.0567097225586663,-2.8825680608130693,-10.372234625622824,-7.489666564809754,-3.0323241708343907,-1.5641497227234045,6112,3901
2021,2021-12-23,Winter,Nature,0.2519656032390471,-0.361338117957435,0.0487331129619498,-10.6184958984179,-16.876490893400238,-6.257994994982338,-1.0304211133324357,0.4377533347785507,12198,12710
2021,2021-12-23,Winter,Roads,0.1034542775122546,-0.1463938946476597,0.0410609329478682,-6.365638307610568,-13.869475110967567,-7.503836803356999,-0.9677951498363248,0.5003792982746613,17637,13854
2021,2021-12-23,Winter,Urban,0.1349635176958346,-0.161976872135757,-0.002031459097525,-5.872011819143971,-12.378661974840778,-6.506650155696807,-2.035977312267578,-0.5678028641565918,8912,5031
2021,2021-12-23,Winter,Water,-0.095737079032286,0.2402382464656257,-0.1815079301651588,-16.066323731134712,-23.813237001418145,-7.746913270283432,-1.6098825272791817,-0.1417080791681955,2712,1589
2022,2022-01-07,Winter,Dense Urban,0.129002890612849,-0.1445470834733258,0.1289654333819533,-2.8704283743899435,-10.63464000969782,-7.764211635307877,-2.0941593770404388,-0.7486473014868571,5368,5062
2022,2022-01-07,Winter,Nature,0.2538867190045171,-0.4102651090802655,0.0897656030517717,-10.376042448959671,-16.37339023624038,-5.997347787280708,-0.971762512348284,0.3737495632052976,16989,18277
2022,2022-01-07,Winter,Roads,0.1053997995291758,-0.1679532054886376,0.074052341519171,-6.127315922045023,-13.371541144834756,-7.2442252227897335,-0.8443718983586241,0.5011401771949575,13073,12394
2022,2022-01-07,Winter,Urban,0.1522313733242946,-0.2070820557565314,0.0664171281530562,-5.62144040628091,-12.116220818884171,-6.494780412603261,-1.968227792105244,-0.6227157165516621,9372,8021
2022,2022-01-07,Winter,Water,-0.917753317559194,0.9735281279711756,0.7842003829966383,-19.118436786356583,-24.069164488304992,-4.950727701948409,0.0970293927331636,1.4425414682867452,2729,2009
2022,2022-01-27,Winter,Dense Urban,0.0458750195065876,-0.0225109895439221,0.0087977564041071,-2.6288365984900968,-10.37180651152371,-7.742969913033614,2.8921477860023765,-0.5751884490089001,5368,4705
2022,2022-01-27,Winter,Nature,0.1502834394134373,-0.2128249869954292,0.0371270130608073,-10.625397461770836,-16.623126989928963,-5.997729528158127,3.970527525800248,0.5031912907889713,16987,17888
2022,2022-01-27,Winter,Roads,0.0517655261524946,-0.0684179571639919,0.0138150826884351,-6.383554636876096,-13.37717370245604,-6.993619065579945,4.220196727455048,0.7528604924437712,13073,11562
2022,2022-01-27,Winter,Urban,0.0646123327889789,-0.0566646836301326,-0.0175592248626942,-5.625489159636248,-12.12646052899913,-6.500971369362882,3.030497904344699,-0.4368383306665775,9372,7042
2022,2022-01-27,Winter,Water,-0.0733186410839891,0.1787523111547023,-0.1865764800688443,-18.57189151673057,-24.310143645958178,-5.738252129227607,2.139628395729409,-1.3277078392818678,2772,2696
2022,2022-02-01,Winter,Dense Urban,0.0146770945265672,0.0048377236121498,-0.4183558044953834,-2.6288365984900968,-10.37180651152371,-7.742969913033614,2.8921477860023765,-0.5751884490089001,3754,4705
2022,2022-02-01,Winter,Nature,0.0596196318115583,-0.0734489238290615,-0.5567555879778435,-10.625397461770836,-16.623126989928963,-5.997729528158127,3.970527525800248,0.5031912907889713,7275,17888
2022,2022-02-01,Winter,Roads,0.0165577790882394,-0.0087075916985856,-0.5019550776369391,-6.383554636876096,-13.37717370245604,-6.993619065579945,4.220196727455048,0.7528604924437712,8032,11562
2022,2022-02-01,Winter,Urban,0.0147287929146269,0.0008839969289379673,-0.5097752124635616,-5.625489159636248,-12.12646052899913,-6.500971369362882,3.030497904344699,-0.4368383306665775,5389,7042
2022,2022-02-01,Winter,Water,-0.1323235191168337,0.2354010138560128,-0.5047866493334985,-18.57189151673057,-24.310143645958178,-5.738252129227607,2.139628395729409,-1.3277078392818678,916,2696
2022,2022-03-28,Spring,Dense Urban,0.1230379105570586,-0.1347632468517044,0.111142368295905,-2.377120617643799,-10.130418408521342,-7.753297790877543,21.43942817413156,0.0026563678579449,5368,6758
2022,2022-03-28,Spring,Nature,0.2383230422692979,-0.3477296519431314,0.0664983102078256,-8.872460246619232,-15.123348130368582,-6.25088788374935,21.31161241989537,-0.1251593863782432,16989,21547
2022,2022-03-28,Spring,Roads,0.0957108446546906,-0.154215077901183,0.0507703435123514,-5.628459561811321,-12.869309171067204,-7.240849609255883,22.3146474653892,0.8778756591155847,13073,16484
2022,2022-03-28,Spring,Urban,0.1444484815047146,-0.1914082868027846,0.0349733821677242,-5.121523671676421,-11.615417612252523,-6.493893940576102,21.18746872709084,-0.2493030791827699,9372,11807
2022,2022-03-28,Spring,Water,-0.2247953566612362,0.4082260267540413,-0.1579733843661439,-19.31065323659349,-23.695806878415304,-4.385153641821812,12.406081852502178,-9.030689953771434,2772,3532
2022,2022-04-02,Spring,Dense Urban,0.1112755887315052,-0.1112974950425791,0.1113851735632816,-2.377120617643799,-10.130418408521342,-7.753297790877543,21.43942817413156,0.0026563678579449,5320,6758
2022,2022-04-02,Spring,Nature,0.230332151723091,-0.3164388563495637,0.0762111166776862,-8.872460246619232,-15.123348130368582,-6.25088788374935,21.31161241989537,-0.1251593863782432,16986,21547
2022,2022-04-02,Spring,Roads,0.0917332772715176,-0.1367852039785311,0.0644948045915745,-5.628459561811321,-12.869309171067204,-7.240849609255883,22.3146474653892,0.8778756591155847,13049,16484
2022,2022-04-02,Spring,Urban,0.1347956992705765,-0.1621097678821851,0.0409620923466137,-5.121523671676421,-11.615417612252523,-6.493893940576102,21.18746872709084,-0.2493030791827699,9357,11807
2022,2022-04-02,Spring,Water,-0.2051845865099953,0.3846562811919559,-0.2830968188051685,-19.31065323659349,-23.695806878415304,-4.385153641821812,12.406081852502178,-9.030689953771434,2772,3532
2022,2022-05-02,Spring,Dense Urban,0.1365899182463939,-0.1368297394621576,0.0880408099284618,-2.637440125990272,-10.62771307052395,-7.990272944533677,31.312689241418603,0.6259077418731813,5368,6737
2022,2022-05-02,Spring,Nature,0.4413807205041773,-0.4412579119253889,-0.1131969483761463,-9.373893696734534,-15.868501025002042,-6.494607328267508,29.56105123951525,-1.125730260030167,16989,21541
2022,2022-05-02,Spring,Roads,0.1131606477026241,-0.1601006078689943,0.0352378206546322,-6.124869424271139,-13.377143690657096,-7.252274266385958,31.687755597498803,1.0009740979533817,13073,16445
2022,2022-05-02,Spring,Urban,0.2304803164308311,-0.2380488322644492,-0.0350464698827017,-5.616515575324207,-12.107710188953943,-6.4911946136297365,30.56434043142549,-0.122441068119933,9372,11802
2022,2022-05-02,Spring,Water,-0.1989757401670601,0.3243450812590497,-0.1269358082230919,-18.55820018894848,-24.06115864130293,-5.502958452354452,18.903617962799757,-11.783163536745668,2772,3392
2022,2022-05-07,Spring,Dense Urban,0.0838356292467296,-0.0917273341161232,0.0725732543578989,-2.637440125990272,-10.62771307052395,-7.990272944533677,31.312689241418603,0.6259077418731813,1106,6737
2022,2022-05-07,Spring,Nature,0.4198289819351183,-0.4159858286574356,-0.1346712987657823,-9.373893696734534,-15.868501025002042,-6.494607328267508,29.56105123951525,-1.125730260030167,8339,21541
2022,2022-05-07,Spring,Roads,0.0879499597394961,-0.1309352516407658,0.0175234863321735,-6.124869424271139,-13.377143690657096,-7.252274266385958,31.687755597498803,1.0009740979533817,4483,16445
2022,2022-05-07,Spring,Urban,0.2071221232712652,-0.2129964379348874,-0.0564043060069823,-5.616515575324207,-12.107710188953943,-6.4911946136297365,30.56434043142549,-0.122441068119933,4293,11802
2022,2022-05-07,Spring,Water,-0.0478228883781172,0.1182331156750229,0.0068785782287636,-18.55820018894848,-24.06115864130293,-5.502958452354452,18.903617962799757,-11.783163536745668,1580,3392
2022,2022-08-20,Summer,Dense Urban,0.0896331741578048,-0.0585875905875246,0.1229359709584777,-2.621829360107366,-10.627268082768602,-8.005438722661236,37.55976111178573,0.999250048493728,1759,3436
2022,2022-08-20,Summer,Nature,0.6680855332505033,-0.5666531341774554,-0.2090071582033207,-8.621186274795292,-14.626495745279408,-6.005309470484116,35.06284930609727,-1.4976617571947344,9286,13809
2022,2022-08-20,Summer,Roads,0.1213620813056727,-0.1291153427433425,0.0293281781855904,-5.876376204273262,-13.129755034198103,-7.253378829924841,38.06634124727273,1.505830183980727,4990,12312
2022,2022-08-20,Summer,Urban,0.2459802855230889,-0.2149189211990173,-0.0432531730100011,-5.126406911826533,-12.127883837804925,-7.001476925978392,36.68611958155369,0.1256085182616857,4259,8483
2022,2022-08-20,Summer,Water,-0.5899066236996097,0.675837017616408,-0.2385142578989724,-18.30477446014528,-23.92732270253743,-5.622548242392153,26.156924528364453,-10.403586534927552,2571,1014
2022,2022-10-29,Fall,Dense Urban,0.1287979167660092,-0.1052815075076676,0.0916402023679716,-2.6307561052069537,-10.36891225402764,-7.738156148820686,21.15258635706192,0.436496972733039,5368,6758
2022,2022-10-29,Fall,Nature,0.386897502137365,-0.4492867530740542,-0.0369949804783004,-9.128671623218615,-15.123257156790864,-5.994585533572248,20.406057971212874,-0.310031413116004,16989,21547
2022,2022-10-29,Fall,Roads,0.1131537814191365,-0.1444852500492199,0.0507168357313078,-5.8795607026832295,-13.373868784262273,-7.494308081579043,21.533880471356127,0.8177910870272491,13073,16483
2022,2022-10-29,Fall,Urban,0.1913257472115142,-0.191115193607881,-0.0021418334238346,-5.368285634645896,-12.128341321251431,-6.7600556866055355,20.34622641204824,-0.3698629722806394,9372,11807
2022,2022-10-29,Fall,Water,-0.24394743531971,0.4569163984283717,-0.3377399938264515,-18.06210221148606,-23.69063206684267,-5.628529855356611,16.29699805486713,-4.419091329461747,2772,3532
2022,2022-12-18,Winter,Dense Urban,0.06442559889343,-0.0722231581809432,-0.2150751884190407,-2.6163938419665973,-10.371335815694133,-7.754941973727536,-3.1573634800946064,-0.3762685758589335,5368,4737
2022,2022-12-18,Winter,Nature,0.1445405803046938,-0.1834635259696238,-0.2773661863609358,-10.876721724380296,-17.376462807818758,-6.499741083438462,-2.905110579031994,-0.124015674796321,16989,18324
2022,2022-12-18,Winter,Roads,0.0722274346008086,-0.1134741174376339,-0.1524487892200708,-6.136697216155278,-13.376602859659762,-7.239905643504484,-2.404657425226766,0.3764374790089069,13073,11550
2022,2022-12-18,Winter,Urban,0.0878881119669197,-0.1054133947132994,-0.2070232362770305,-5.618930575165212,-12.369327000072262,-6.75039642490705,-2.969693585685432,-0.1885986814497586,9372,7404
2022,2022-12-18,Winter,Water,-0.2558838145491823,0.5018233798376744,-0.2933380216214006,-19.37427597232305,-24.1226028070661,-4.74832683474305,3.344329138628239,6.125424042863912,2772,2173
2022,2022-12-28,Winter,Dense Urban,0.0974795972819361,-0.0976306804320312,0.0197207739231565,-2.373956444902174,-10.383172491858678,-8.009216046956505,2.419542494669402,0.076995511225347,5368,1310
2022,2022-12-28,Winter,Nature,0.2148431712802833,-0.3009868798746619,-0.0664229518878026,-10.37973510196132,-16.124159676610347,-5.7444245746490274,2.280156408816106,-0.0623905746279493,16989,14379
2022,2022-12-28,Winter,Roads,0.0819410643244671,-0.128848375891912,-0.0196491946498324,-6.127925073696351,-13.382425622626704,-7.254500548930353,2.90627749731287,0.5637305138688147,13073,7764
2022,2022-12-28,Winter,Urban,0.1133136891741968,-0.1367415208089377,-0.0585205557388846,-5.625228145840177,-12.132707771245531,-6.507479625405354,2.090348962300859,-0.2521980211431964,9372,4152
2022,2022-12-28,Winter,Water,-0.4891926197966734,0.745644981245418,0.1057959273971952,-19.874469994663837,-23.62811376318696,-3.7536437685231228,0.3270452972521359,-2.01550168619192,2772,982
2023,2023-01-02,Winter,Dense Urban,0.1211901922741107,-0.121041979281157,0.0821329411682498,-2.875781369762536,-10.372380652446616,-7.4965992826840795,2.392159739973564,0.0496127565295085,6119,1606
2023,2023-01-02,Winter,Nature,0.2538637510707869,-0.3946062589900256,0.0428082062352404,-10.87376054027775,-16.62804156980118,-5.75428102952343,2.3430494693232258,0.0005024858791702336,11877,10943
2023,2023-01-02,Winter,Roads,0.1053832382756915,-0.1600664005272514,0.0503810223412788,-6.874714065990036,-14.112607287395464,-7.237893221405429,2.656627574457635,0.3140805910135795,16266,10504
2023,2023-01-02,Winter,Urban,0.1445102974833694,-0.1835151459745812,0.0118973083650388,-5.881854922934777,-12.36552689369626,-6.483671970761482,1.969137913796112,-0.3734090696479433,10804,4673
2023,2023-01-02,Winter,Water,-0.4096835830438699,0.6757534389061979,-0.0663966646999072,-19.87391299911499,-23.628483185241983,-3.754570186126994,0.2364210560192453,-2.1061259274248103,2508,861
2023,2023-03-03,Spring,Dense Urban,0.083977087917064,-0.0839839982447521,0.0917744718431504,-2.868407096228128,-10.371983204000824,-7.5035761077726955,8.46836077230676,-1.3427069512607517,6119,6973
2023,2023-03-03,Spring,Nature,0.1893788793025078,-0.2910079375951566,0.1151835294571771,-10.126577914191673,-16.124304017010562,-5.9977261028188895,10.533469286754494,0.7224015631869829,11877,14216
2023,2023-03-03,Spring,Roads,0.0801265073327354,-0.1191459577002242,0.0800437561431779,-6.88024457281152,-13.879411891499034,-6.999167318687514,10.720196456983835,0.909128733416324,16266,18993
2023,2023-03-03,Spring,Urban,0.107501691520223,-0.1347625043248576,0.0527499957651853,-5.881736242629802,-12.386277230481925,-6.504540987852123,8.907612011669142,-0.9034557118983688,10804,12226
2023,2023-03-03,Spring,Water,-0.1181513030447001,0.2334211313305079,-0.2207624469553653,-15.815884089184092,-23.627500193749817,-7.811616104565726,4.045106108934223,-5.765961614633288,2508,1812
2023,2023-04-17,Spring,Dense Urban,0.0913660167942372,-0.0913113426128753,-0.2041984723546761,-2.627444805100853,-10.121873511356798,-7.4944287062559445,23.849520250181843,-0.5900525446386418,1659,4892
2023,2023-04-17,Spring,Nature,0.1865071580930094,-0.2138739242659114,-0.1590207930877553,-9.626287137487104,-15.875199526582357,-6.248912389095253,24.3078500002944,-0.1317227945260839,3609,14192
2023,2023-04-17,Spring,Roads,0.0869400459041031,-0.1083779618882315,-0.1611439394691297,-6.379440322827548,-13.868915928954433,-7.489475606126885,25.439122419272987,0.9995496244525022,6643,18403
2023,2023-04-17,Spring,Urban,0.127846084321045,-0.1434567479281178,-0.2197771470976142,-5.379353321817852,-12.125083741582468,-6.745730419764616,24.095796093908355,-0.3437767009121302,3145,11268
2023,2023-07-21,Summer,Dense Urban,0.144458912372124,-0.1210302585105544,0.1229102426760705,-1.882664650991756,-9.881229124867742,-7.9985644738759865,38.33872693076924,0.275876118017095,6087,1782
2023,2023-07-21,Summer,Roads,0.1444509821453191,-0.1598948519051095,0.0604005133610958,-5.623085224042548,-13.37262018266284,-7.749534958620293,38.42823916275864,0.3653883500064907,16201,1737
2023,2023-07-21,Summer,Urban,0.2849422809912533,-0.269517587269265,-0.017536873594046,-4.877811646179202,-11.875664192268252,-6.9978525460890495,38.78580704000002,0.7229562272478773,10755,2308
2023,2023-09-24,Fall,Dense Urban,0.1835770202932923,-0.1602194605618303,0.0996260280179496,-2.6274370813350743,-10.371909990373684,-7.74447290903861,28.795089241538477,1.3903276167649246,6119,1170
2023,2023-09-24,Fall,Nature,0.7150509818513517,-0.6369006323334039,-0.2129945472342152,-9.124699263670704,-14.867265020650375,-5.742565756979671,27.09396813904376,-0.3107934857297927,11877,6010
2023,2023-09-24,Fall,Roads,0.1600281675381147,-0.1835447562155187,0.0176239889652426,-6.383494557265685,-13.375951559511778,-6.992457002246093,28.842165232836564,1.4374036080630148,16266,3691
2023,2023-09-24,Fall,Urban,0.3239184163805351,-0.3160178455848083,-0.0643143624691284,-5.625754018238803,-12.120465497976957,-6.494711479738154,28.091778138244997,0.6870165134714448,10804,3169
2023,2023-09-24,Fall,Water,-0.4882200959282601,0.6134038702940948,-0.34570062309187,-19.12507047684123,-23.3749384823421,-4.249868005500868,22.423616789975387,-4.981144834798162,2508,2455
2023,2023-09-29,Fall,Dense Urban,0.1678765080397564,-0.1444147634946873,0.0606208086827544,-2.868474067790004,-10.36617831459428,-7.497704246804275,28.795089241538477,1.3903276167649246,2611,1170
2023,2023-09-29,Fall,Nature,0.6061098816305851,-0.5588952164395202,-0.2089856837511,-9.377487579193474,-15.122895030499636,-5.745407451306162,27.09396813904376,-0.3107934857297927,2477,6010
2023,2023-09-29,Fall,Roads,0.1444197649289806,-0.1599443682869901,0.0138834081895936,-6.630066336016225,-13.62520523734175,-6.995138901325524,28.842165232836564,1.4374036080630148,5546,3691
2023,2023-09-29,Fall,Urban,0.2695214690115874,-0.2537721597808745,-0.0605416795234216,-5.872717950116985,-12.372317976802387,-6.499600026685402,28.091778138244997,0.6870165134714448,5891,3169
2023,2023-09-29,Fall,Water,-0.2696688786315769,0.4411421637165514,-0.0896395604898156,-19.380217476048127,-23.365870940943733,-3.9856534648956057,22.423616789975387,-4.981144834798162,874,2455
2023,2023-10-29,Fall,Dense Urban,0.1444624735374768,-0.1365063043012485,0.0958006768711578,-2.877616330894197,-10.373345928379267,-7.49572959748507,22.158321862406964,0.1905338259302276,6119,7677
2023,2023-10-29,Fall,Nature,0.5270723640220762,-0.5430359811665437,-0.0801459758959091,-9.36959016395084,-15.380029053829777,-6.010438889878937,21.722424290485883,-0.2453637459908542,11877,15037
2023,2023-10-29,Fall,Roads,0.1446015082901594,-0.1758314937606895,0.0607031190510943,-6.376353323344926,-13.622866472271632,-7.246513148926706,22.53084598455254,0.5630579480758016,16266,20577
2023,2023-10-29,Fall,Urban,0.2382019383288553,-0.2535145708055958,-0.0136492021771956,-5.630542054528087,-12.37423951821931,-6.743697463691223,21.406232507017148,-0.5615555294595893,10804,13635
2023,2023-10-29,Fall,Water,-0.3693914112615569,0.5504568091577302,-0.3297508548061536,-19.19124128444006,-23.62688229094492,-4.435641006504859,17.51761112268235,-4.450176913794387,2508,3204
2023,2023-11-13,Fall,Dense Urban,0.1678507630657499,-0.1603761785949866,0.0839600371380642,-2.879643222946292,-10.383384017466254,-7.5037407945199615,10.140880753142875,0.1899699884131216,6119,3773
2023,2023-11-13,Fall,Nature,0.4728356726956403,-0.53477024957457,-0.0351410024786676,-9.375714078620671,-15.123028733854891,-5.74731465523422,9.57721393152496,-0.3736968332047947,11877,2406
2023,2023-11-13,Fall,Roads,0.152511300980054,-0.1991630215271908,0.0352134088688357,-6.372558623062216,-13.622218719559918,-7.249660096497702,9.76460791192566,-0.1863028528040953,16266,4874
2023,2023-11-13,Fall,Urban,0.2382808219687202,-0.2694160406760138,-0.019520560749565,-5.626289161388027,-12.123786692402586,-6.497497531014559,10.2950654514668,0.3441546867370455,10804,4331
2023,2023-11-13,Fall,Water,-0.5346887990225642,0.7461126347499009,-0.0817145826956242,-19.37206937512144,-23.37630866655857,-4.0042392914371305,9.512355704000026,-0.4385550607297297,2508,669
2023,2023-11-18,Fall,Dense Urban,0.1288794087127259,-0.1053517637069869,0.0800934968004458,-2.618877760000967,-10.370219441000716,-7.751341680999749,10.140880753142875,0.1899699884131216,6119,3773
2023,2023-11-18,Fall,Nature,0.4023147966538679,-0.4570981537674826,-0.0136849540937307,-9.627493047174172,-15.624499518893508,-5.997006471719336,9.57721393152496,-0.3736968332047947,11877,2406
2023,2023-11-18,Fall,Roads,0.1209121620864056,-0.1601878430998475,0.0350803118715832,-6.377004235890194,-13.631469025848135,-7.254464789957941,9.76460791192566,-0.1863028528040953,16266,4874
2023,2023-11-18,Fall,Urban,0.1911707108675517,-0.2069845743837684,-0.0175549289048095,-5.621977988302119,-12.12516786179079,-6.503189873488671,10.2950654514668,0.3441546867370455,10804,4331
2023,2023-11-18,Fall,Water,-0.3144745446804697,0.5018272045154384,-0.3457685880647431,-19.127148540516743,-23.368751765801367,-4.241603225284624,9.512355704000026,-0.4385550607297297,2508,669
2023,2023-11-28,Fall,Dense Urban,0.1190320744983921,-0.0995959549170372,0.083962660906845,-2.8776895441305164,-10.378838113173565,-7.501148569043048,1.3450054045543884,-0.4377042260953505,6119,6919
2023,2023-11-28,Fall,Nature,0.347473790663864,-0.4414576021817068,0.0273537676154359,-9.873894245477402,-15.621861472558493,-5.747967227081091,2.0322489771537198,0.2495393465039803,11877,14111
2023,2023-11-28,Fall,Roads,0.1113959791799115,-0.1522517683765667,0.0507655830772018,-6.6272883779737,-13.868935199953189,-7.241646821979488,2.031320630404831,0.248610999755092,16266,17387
2023,2023-11-28,Fall,Urban,0.1661561431413782,-0.1837155437324926,0.0017902294038713,-5.621355710668375,-12.124133748483642,-6.502778037815267,1.3452286337128876,-0.4374809969368514,10804,11353
2023,2023-11-28,Fall,Water,-0.2098678039713744,0.3887624612718742,-0.3732697003185596,-18.12807549399863,-23.38721872533877,-5.25914323134014,4.778625341886384,2.995915711236645,2508,2214
2023,2023-12-03,Winter,Dense Urban,0.1192536636340525,-0.1056177794439138,0.0918255454299957,-2.8776895441305164,-10.378838113173565,-7.501148569043048,1.3450054045543884,-0.4377042260953505,6119,6919
2023,2023-12-03,Winter,Nature,0.3322376714631115,-0.4413456677760535,0.0662643645533109,-9.873894245477402,-15.621861472558493,-5.747967227081091,2.0322489771537198,0.2495393465039803,11877,14111
2023,2023-12-03,Winter,Roads,0.1112384386671036,-0.1520829894854043,0.0663615018114409,-6.6272883779737,-13.868935199953189,-7.241646821979488,2.031320630404831,0.248610999755092,16265,17387
2023,2023-12-03,Winter,Urban,0.1602767688430403,-0.1756326220486045,0.0176363000257829,-5.621355710668375,-12.124133748483642,-6.502778037815267,1.3452286337128876,-0.4374809969368514,10804,11353
2023,2023-12-03,Winter,Water,-0.2482388820418841,0.4628772864259613,-0.2929126792207805,-18.12807549399863,-23.38721872533877,-5.25914323134014,4.778625341886384,2.995915711236645,2508,2214
2024,2024-01-22,Winter,Nature,0.1034668234686916,-0.1230630606375802,-0.1156287577545839,-8.629866645078069,-14.622524161431333,-5.992657516353264,3.72043965467087,-0.2485638735867263,4151,15650
2024,2024-01-22,Winter,Roads,0.0338775506985901,-0.0332384726482763,-0.0921759340864683,-4.133140848836322,-11.878307107592764,-7.745166258756442,4.5948697735571695,0.6258662452995734,2034,9526
2024,2024-01-22,Winter,Urban,0.0144705677491257,0.0568559947907701,-0.2283882610814272,-4.618670014981519,-11.378122065443796,-6.759452050462277,3.779995218147631,-0.1890083101099655,1597,5282
2024,2024-03-17,Spring,Nature,0.1581933474699784,-0.2364359877187129,0.0722469185110932,-9.124981626717906,-15.12460569253716,-5.999624065819255,18.220359854342757,0.9076609787023138,20702,12736
2024,2024-03-17,Spring,Roads,0.0692320090001632,-0.1074409274843439,0.0409906879133285,-4.639534625156135,-12.120227128072752,-7.480692502916617,17.81572958571819,0.503030710077752,11597,3446
2024,2024-03-17,Spring,Urban,0.0927822307547544,-0.1220572623316792,0.0293160238382249,-5.119589852000641,-11.63517027591291,-6.51558042391227,16.905502312577262,-0.4071965630631773,8815,3433
2024,2024-03-17,Spring,Water,-0.0161051902198966,0.0717724335992325,-0.0869620061090671,-14.450628597347084,-22.871761505156908,-8.421132907809824,7.468851802922655,-9.843847072717784,2656,3270
2024,2024-04-26,Spring,Dense Urban,0.1040531362743543,-0.1026436665053057,-0.04840077691483,-2.119961772715959,-10.391075876684392,-8.271114103968433,23.56252899982486,1.8735851785408852,2995,4701
2024,2024-04-26,Spring,Nature,0.2480320215175262,-0.2519576542082312,-0.1161848830919773,-8.624685573380598,-15.125574692809415,-6.500889119428818,20.43585115701883,-1.253092664265143,18484,25322
2024,2024-04-26,Spring,Roads,0.102552480741012,-0.1162144347775015,-0.0536549965827137,-4.375544119317948,-11.868394348351298,-7.49285022903335,23.435840498676622,1.7468966773926518,9442,14447
2024,2024-04-26,Spring,Urban,0.1504485448922532,-0.1618832144789512,-0.0927797168321326,-4.875083805813892,-11.874871737187078,-6.999787931373186,21.439509025644742,-0.2494347956392317,6380,10909
2024,2024-04-26,Spring,Water,0.0932542156376352,-0.0589601412616038,-0.1284955079713153,-17.815262843476518,-23.442039340593272,-5.626776497116754,11.449344230739795,-10.239599590544175,1561,939
2024,2024-08-09,Summer,Dense Urban,0.0485817770222805,-0.0294232871008008,0.1076375525914933,-2.629817352939494,-10.636670977725904,-8.00685362478641,45.68638599025631,0.9974682000845404,1298,3718
2024,2024-08-09,Summer,Nature,0.5510397662528638,-0.4883459534214269,-0.1582229928509879,-8.37936091917653,-14.622491324763528,-6.243130405586998,42.94174093769409,-1.7471768524776792,16036,22187
2024,2024-08-09,Summer,Roads,0.034882338152857,-0.0504737327018353,0.0722199848497589,-4.62612358306032,-12.118144063024875,-7.492020479964555,47.06144023685815,2.372522446686375,7443,11451
2024,2024-08-09,Summer,Urban,0.1525217853399397,-0.1367799976680628,-0.0042894496432908,-5.37558671468753,-11.88078008235298,-6.505193367665449,45.31510951594225,0.6261917257704752,6490,9486
2024,2024-08-09,Summer,Water,-0.3301042130237482,0.4434559277095377,0.1160627991119885,-19.37409928144352,-23.626326650376168,-4.2522273689326475,33.9685077081115,-10.720410082060267,2656,3340
2024,2024-08-14,Summer,Dense Urban,0.0607792030938399,-0.0333336383615558,0.1464283356078208,-2.629817352939494,-10.636670977725904,-8.00685362478641,45.68638599025631,0.9974682000845404,1810,3718
2024,2024-08-14,Summer,Nature,0.5137174938786453,-0.4415178789105177,-0.1231733221909262,-8.37936091917653,-14.622491324763528,-6.243130405586998,42.94174093769409,-1.7471768524776792,15115,22187
2024,2024-08-14,Summer,Roads,0.0721876234592556,-0.0741082709792609,0.0996204236114474,-4.62612358306032,-12.118144063024875,-7.492020479964555,47.06144023685815,2.372522446686375,6625,11451
2024,2024-08-14,Summer,Urban,0.1838048374761324,-0.159905116803018,0.0176647404959776,-5.37558671468753,-11.88078008235298,-6.505193367665449,45.31510951594225,0.6261917257704752,6655,9486
2024,2024-08-14,Summer,Water,-0.1220339350407442,0.3221853820329355,-0.4160160093356266,-19.37409928144352,-23.626326650376168,-4.2522273689326475,33.9685077081115,-10.720410082060267,2656,3340
2024,2024-09-28,Fall,Dense Urban,0.1448390209488712,-0.1211110707843802,0.1148990768649446,-2.370477239080051,-10.621472483968828,-8.250995244888777,33.56462286191749,1.1261834260812194,3750,4725
2024,2024-09-28,Fall,Nature,0.5745962903091439,-0.5273352300540003,-0.138876883393884,-8.369490580476933,-14.12567398780068,-5.756183407323746,31.563828067819347,-0.8746113680169252,19902,26261
2024,2024-09-28,Fall,Roads,0.1132418472556868,-0.1286268912842736,0.0663074886221058,-4.622882106215444,-12.124425790528305,-7.5015436843128604,34.05946843872317,1.6210290028868997,11386,14626
2024,2024-09-28,Fall,Urban,0.2461138697581703,-0.2382607759005572,-0.0116449952937736,-5.121094579721884,-11.879634948810631,-6.758540369088747,32.31243928115344,-0.1260001546828348,8470,11131
2024,2024-09-28,Fall,Water,-0.4473426855202084,0.57231401214745,-0.3929224879995209,-18.06538930559381,-22.9398165071861,-4.87442720159229,24.23212223863541,-8.206317197200864,2351,3387
2024,2024-12-07,Winter,Dense Urban,0.1072236510208315,-0.0898150042193302,0.0919267110018324,-2.3844192487269984,-10.62479056111805,-8.240371312391051,4.78206482046595,0.1252162469816955,3804,4065
2024,2024-12-07,Winter,Nature,0.2853497661867851,-0.3868499738035225,0.0352828317839516,-9.375645622455997,-15.373154422578663,-5.997508800122667,4.405059109447835,-0.2517894640364195,20702,22494
2024,2024-12-07,Winter,Roads,0.0896874594135086,-0.1210531538434881,0.0508208191187423,-4.615347452316933,-12.125272057848337,-7.5099246055314035,5.155823601937899,0.4989750284536445,11597,11307
2024,2024-12-07,Winter,Urban,0.1367162414059883,-0.1601752489745014,0.0117998147384474,-5.12415556484252,-11.883481464262196,-6.759325899419676,4.220520751009236,-0.4363278224750191,8815,7508
2024,2024-12-07,Winter,Water,-0.3773290470595292,0.6075503674085402,-0.2776057850978674,-18.615653523908303,-23.870329030691725,-5.254675506783421,5.080949985493594,0.4241014120093389,2656,856
2024,2024-12-17,Winter,Dense Urban,0.0653793899775631,-0.0370771271628058,-0.0135234186415973,-2.630420366360916,-10.622282012647522,-7.991861646286607,1.2982267706224306,-0.8583156425244323,3427,2381
2024,2024-12-17,Winter,Nature,0.201132433536645,-0.2597646382353404,0.0118905838206292,-9.377579816789552,-15.120363973726915,-5.742784156937363,2.28075400562379,0.1242115924769269,18456,19377
2024,2024-12-17,Winter,Roads,0.0683071663149827,-0.0881399335453873,0.0038097856951018,-4.624624807894925,-12.122193951494518,-7.497569143599593,2.2231496791752763,0.0666072660284133,10610,7750
2024,2024-12-17,Winter,Urban,0.0917731251641891,-0.0919981636997432,-0.03314500047152,-5.113930939503925,-11.877793485124922,-6.763862545620997,1.7797746613114986,-0.3767677518353642,7889,4667
2024,2024-12-17,Winter,Water,-0.1515171260344666,0.3065739491697071,-0.4161889966458199,-19.122600552330443,-23.613408047375277,-4.490807495044834,2.829571759054461,0.6730293459075982,2520,1604
2024,2024-12-22,Winter,Dense Urban,0.1287717387561695,-0.1289654308726681,0.1135533512711558,-2.630420366360916,-10.622282012647522,-7.991861646286607,1.2982267706224306,-0.8583156425244323,3804,2381
2024,2024-12-22,Winter,Nature,0.2536743953337954,-0.3632754126939861,-0.0195030116300601,-9.377579816789552,-15.120363973726915,-5.742784156937363,2.28075400562379,0.1242115924769269,20702,19377
2024,2024-12-22,Winter,Roads,0.08557947745686,-0.1442769124090316,0.0507569925580277,-4.624624807894925,-12.122193951494518,-7.497569143599593,2.2231496791752763,0.0666072660284133,11597,7750
2024,2024-12-22,Winter,Urban,0.1444658333666522,-0.1836139542863039,0.0197357792815182,-5.113930939503925,-11.877793485124922,-6.763862545620997,1.7797746613114986,-0.3767677518353642,8815,4667
2024,2024-12-22,Winter,Water,-0.7001014079074012,0.8631900207030149,0.440893317515337,-19.122600552330443,-23.613408047375277,-4.490807495044834,2.829571759054461,0.6730293459075982,2656,1604
2025,2025-01-01,Winter,Dense Urban,0.060551011301131,-0.0370408519789869,0.0294465430851917,-3.122589907442211,-10.376496404993306,-7.253906497551094,3.0316442155050494,-0.6251739562816905,6644,5249
2025,2025-01-01,Winter,Nature,0.2168172406732632,-0.2988426969052868,0.0567829936870592,-10.132390557117294,-15.628740212082487,-5.496349654965194,4.090623730784545,0.4338055589978049,8741,12293
2025,2025-01-01,Winter,Roads,0.0761770915983341,-0.1034991031801522,0.0449251476897427,-7.125251936804012,-14.127356535729108,-7.002104598925096,4.278502657864435,0.6216844860776956,17933,16935
2025,2025-01-01,Winter,Urban,0.0840411406414736,-0.0801410890855393,-0.0331723744361983,-5.629460955487689,-11.879644003036589,-6.2501830475489,2.9081540107180586,-0.7486641610686813,7507,6227
2025,2025-01-01,Winter,Water,-0.1025162522239461,0.2254268033598729,-0.3029064873727563,-18.11255989245075,-22.88188746334097,-4.769327570890219,2.296854592386036,-1.359963579400704,1270,2469
2025,2025-03-07,Spring,Dense Urban,0.0380851044510807,-0.0020798087241255,-0.0047971825074687,-0.6303372246301109,-9.135362336514667,-8.505025111884557,14.532894835970652,-0.2805029717178531,6819,8578
2025,2025-03-07,Spring,Nature,0.1621001341874954,-0.2206186706413421,0.0137131158865529,-8.618004289956582,-14.37072165418173,-5.752717364225148,15.218800984780104,0.4054031770915998,10864,13757
2025,2025-03-07,Spring,Roads,0.0516802460894952,-0.0643499003779988,-0.0097737823950114,-5.119227480793175,-12.87061474422078,-7.751387263427606,15.312213796580584,0.498815988892078,19106,24142
2025,2025-03-07,Spring,Urban,0.068419484474957,-0.0606011568638137,-0.0411872404015502,-3.375428209764596,-10.868693656676088,-7.493265446911492,14.220142724442804,-0.5932550832456993,8057,10173
2025,2025-03-07,Spring,Water,-0.0952751057328326,0.1866417575222791,-0.147424948284077,-14.565008213153352,-22.610826898670847,-8.045818685517496,7.9651090266090465,-6.848288781079458,2728,3480
2025,2025-04-06,Spring,Dense Urban,0.1112268257072707,-0.1113108321048105,0.0801321483828721,-2.617659291892179,-10.134206634616143,-7.516547342723964,24.533159332724036,-0.2787307412074291,6819,7814
2025,2025-04-06,Spring,Nature,0.2871607967104756,-0.3613917117379293,0.0253415139300636,-9.12760045687623,-14.87791933358078,-5.750318876704549,24.560508059540638,-0.2513820143908276,10864,13685
2025,2025-04-06,Spring,Roads,0.1074364437217261,-0.1503859500173646,0.0508290029062544,-6.623074816721344,-13.62285407168888,-6.999779254967537,25.687132581922253,0.8752425079907908,19106,23568
2025,2025-04-06,Spring,Urban,0.1581206307075401,-0.1853974115347986,0.001727520864434,-5.132879780546679,-11.632426708139326,-6.499546927592647,24.059545568469343,-0.7523445054621156,8057,9922
2025,2025-04-06,Spring,Water,-0.1309960911811904,0.267458815180607,-0.2216984045304177,-18.18714910293497,-23.13609424608636,-4.948945143151388,14.653466192113006,-10.158423881818456,2728,3480
2025,2025-04-11,Spring,Dense Urban,0.123027491687081,-0.1230959350604892,0.095588058134324,-2.617659291892179,-10.134206634616143,-7.516547342723964,24.533159332724036,-0.2787307412074291,6819,7814
2025,2025-04-11,Spring,Nature,0.3164453816056183,-0.378813329250539,0.0370951468973001,-9.12760045687623,-14.87791933358078,-5.750318876704549,24.560508059540638,-0.2513820143908276,10864,13685
2025,2025-04-11,Spring,Roads,0.1074168429927333,-0.1543815333687917,0.0721803959373088,-6.623074816721344,-13.62285407168888,-6.999779254967537,25.687132581922253,0.8752425079907908,19106,23568
2025,2025-04-11,Spring,Urban,0.1738098634452324,-0.2011370873510656,0.0175917041196111,-5.132879780546679,-11.632426708139326,-6.499546927592647,24.059545568469343,-0.7523445054621156,8057,9922
2025,2025-04-11,Spring,Water,-0.1503225408748125,0.3338221020181423,-0.1270135097815496,-18.18714910293497,-23.13609424608636,-4.948945143151388,14.653466192113006,-10.158423881818456,2728,3480
2025,2025-04-21,Spring,Dense Urban,0.1034437169640665,-0.0917706421800596,0.0955619710211106,-0.6393259734884716,-9.373946906653016,-8.734620933164544,27.96832373350573,0.5315543185189071,5478,8577
2025,2025-04-21,Spring,Nature,0.4550982663021031,-0.4199990923445781,-0.0955880447934684,-8.371310524273206,-14.120808258197645,-5.749497733924439,26.562970619545275,-0.873798795441548,5541,13757
2025,2025-04-21,Spring,Roads,0.0839551438879026,-0.0957641220753847,0.0487405190385542,-4.872098195447622,-12.629037090492828,-7.756938895045206,27.93716924947161,0.5003998344847886,9877,24142
2025,2025-04-21,Spring,Urban,0.1894346154124311,-0.1816128727781676,-0.0253992414825394,-3.6321886562915777,-11.124871081405582,-7.492682425114004,26.937618224968343,-0.4991511900184804,5587,10173
2025,2025-04-21,Spring,Water,-0.1269282376544944,0.2713669926346273,0.0097178463246614,-17.36702203908429,-22.877551107975822,-5.5105290688915325,17.782288676014694,-9.65448073897213,1794,3480
2025,2025-04-23,Spring,Dense Urban,0.127076770273975,-0.1151746680927482,-0.0683175023559474,-0.6393259734884716,-9.373946906653016,-8.734620933164544,27.96832373350573,0.5315543185189071,6818,8577
2025,2025-04-23,Spring,Nature,0.3965008815132875,-0.3848961756814419,-0.1660539529203709,-8.371310524273206,-14.120808258197645,-5.749497733924439,26.562970619545275,-0.873798795441548,10846,13757
2025,2025-04-23,Spring,Roads,0.1269332078228138,-0.1503242914199284,-0.0722500995605312,-4.872098195447622,-12.629037090492828,-7.756938895045206,27.93716924947161,0.5003998344847886,18971,24142
2025,2025-04-23,Spring,Urban,0.224680723958448,-0.2207406555515787,-0.1269374846513554,-3.6321886562915777,-11.124871081405582,-7.492682425114004,26.937618224968343,-0.4991511900184804,8025,10173
2025,2025-04-23,Spring,Water,0.0372956474964488,0.0488693105597373,-0.2216608274474193,-17.36702203908429,-22.877551107975822,-5.5105290688915325,17.782288676014694,-9.65448073897213,2643,3480
2025,2025-05-13,Spring,Dense Urban,0.1054915704865037,-0.1052470369801755,0.0646165812164904,-2.8769004043000863,-10.37404721019291,-7.4971468058928235,30.437917340950587,0.8756896904969231,6808,8559
2025,2025-05-13,Spring,Nature,0.605416560527717,-0.5587534357867466,-0.197219253633036,-9.377053147870344,-15.376953187411644,-5.9999000395413,28.18232348286915,-1.3799041675845132,10739,13757
2025,2025-05-13,Spring,Roads,0.0976758999368576,-0.1367970365302533,-0.0039174925956961,-6.632101737476929,-13.618999453489607,-6.986897716012678,30.188645009929605,0.6264173594759406,18898,24127
2025,2025-05-13,Spring,Urban,0.246256411345364,-0.2458576614357675,-0.0821763588257865,-5.369255480322062,-11.869595006466165,-6.500339526144103,29.18730672062087,-0.3749209298327933,8001,10171
2025,2025-05-13,Spring,Water,-0.2929987226675678,0.3869593551346384,0.2844929855221551,-18.38112210622085,-23.133199098713927,-4.752076992493077,17.780393353396025,-11.78183429705764,2723,3450
2025,2025-05-26,Spring,Dense Urban,0.1055247723769515,-0.097649491671133,0.044710363091012,-2.8753129589072337,-10.626141672083213,-7.750828713175979,31.72134477560405,1.4132948540961685,6815,2609
2025,2025-05-26,Spring,Roads,0.1366802248912115,-0.1681428797883767,-0.0039700196288258,-6.869537149196846,-14.246900828512327,-7.377363679315481,30.97145990578734,0.6634099842794576,19100,2810
2025,2025-05-26,Spring,Water,-0.1992185590024934,0.3480843728131066,-0.009840796395073,-18.629362765366047,-23.88241976142666,-5.253056996060614,18.05557276578949,-12.252477155718392,2727,533
2025,2025-08-19,Summer,Nature,0.6858307810223048,-0.566169782196305,-0.2089653178422759,-8.867988299271236,-14.872575198923853,-6.004586899652617,33.933443500108275,-1.503284057582249,2855,7365
2025,2025-08-19,Summer,Roads,0.1209725968310333,-0.1268679664718542,-0.0196662196310209,-6.628667879549355,-13.620455074216313,-6.991787194666958,36.18958063861796,0.7528530809274372,5547,10617
2025,2025-11-02,Fall,Dense Urban,0.160215190609233,-0.1368541213035551,0.0721507496773487,-3.121840463210782,-10.623991844609396,-7.502151381398614,16.27928985277654,-0.1902391584070457,5495,8025
2025,2025-11-02,Fall,Nature,0.5901184644395973,-0.5899020301955206,-0.1504519825170706,-9.62809066205325,-15.370896145182677,-5.742805483129427,16.279874591846163,-0.1896544193374225,8952,13574
2025,2025-11-02,Fall,Roads,0.1682185970935999,-0.1995206255016794,0.0254128177947405,-6.633182604001548,-13.624046956204666,-6.9908643522031175,16.96795915901769,0.4984301478341031,16020,22728
2025,2025-11-02,Fall,Urban,0.2776062872163388,-0.2848848739541494,-0.0642594859497861,-5.631541379454776,-12.12480234390176,-6.493260964446983,15.718458297396715,-0.7510707137868682,5992,9570
2025,2025-11-02,Fall,Water,-0.4570584001788444,0.6051059285989385,0.0735291801251143,-17.630194903013894,-22.62967564180531,-4.999480738791416,13.57968559421554,-2.889843416968045,1451,2364
2025,2025-11-07,Fall,Dense Urban,0.1191299006218936,-0.0801520054161435,0.0253265598489505,-2.877959000172431,-10.374674500593406,-7.496715500420974,16.27928985277654,-0.1902391584070457,6819,8025
2025,2025-11-07,Fall,Nature,0.4881415456476483,-0.4882142034107987,-0.1151112934051711,-9.375252406852692,-15.124600514298786,-5.749348107446094,16.279874591846163,-0.1896544193374225,10864,13574
2025,2025-11-07,Fall,Roads,0.1367272550330134,-0.1600960357100949,0.0332110365413261,-6.623551490857736,-13.744735403749663,-7.121183912891928,16.96795915901769,0.4984301478341031,19106,22728
2025,2025-11-07,Fall,Urban,0.2208976361274769,-0.2070612008792,-0.0724150602916817,-5.627604803500223,-12.127708470828964,-6.500103667328741,15.718458297396715,-0.7510707137868682,8057,9570
2025,2025-11-07,Fall,Water,-0.2480498520343071,0.4006238811611772,-0.2832108380576515,-17.43658445593539,-23.366037229531464,-5.929452773596076,13.57968559421554,-2.889843416968045,2728,2364
2025,2025-11-22,Fall,Dense Urban,0.0645463676770842,-0.0449610562256456,0.0018994515128395,-3.11731842038035,-10.37766392542458,-7.26034550504423,13.29625318378489,-0.5484463208005703,5075,4977
2025,2025-11-22,Fall,Nature,0.3182358437382347,-0.3770150529481459,0.0016503337592159,-9.624103509383444,-15.130275536068794,-5.50617202668535,14.342913708958632,0.4982142043731734,7398,12668
2025,2025-11-22,Fall,Roads,0.0995187278910881,-0.1309851981886886,0.0410930690484929,-6.623403697963901,-13.624192412679031,-7.000788714715131,14.154002713753917,0.3093032091684549,14464,18150
2025,2025-11-22,Fall,Urban,0.1308203758051171,-0.1231216567939881,-0.0527022648640589,-5.626810210772047,-11.874012608752414,-6.2472023979803675,13.279295228000016,-0.5654042765854435,6671,6371
2025,2025-11-22,Fall,Water,-0.1630465722158795,0.3065417224961902,-0.3730830155677758,-17.63349176368361,-22.87915749967564,-5.245665735992027,10.486186493325814,-3.358513011259646,2625,2114
2025,2025-12-17,Winter,Dense Urban,0.1036010297139076,-0.0801457941632536,0.0527440217646821,-2.6318275209791144,-10.123081092994418,-7.491253572015304,1.6401060800000262,-0.2820002159029737,6815,5615
2025,2025-12-17,Winter,Nature,0.3322160282268007,-0.4648273230788462,0.0058202821923714,-9.62745544544245,-15.376440865327757,-5.748985419885306,2.0184241020216582,0.0963178061186582,10864,12408
2025,2025-12-17,Winter,Roads,0.115171088314579,-0.1522325515311051,0.0196684798394223,-6.36863480521272,-13.627971532766058,-7.259336727553338,2.1401036849609585,0.2179973890579585,19095,17334
2025,2025-12-17,Winter,Urban,0.1542652930143822,-0.1660806254187183,-0.0371439257777623,-5.128662130693499,-11.88381245443155,-6.755150323738052,1.2014020960000202,-0.7207041999029797,8042,6116
2025,2025-12-17,Winter,Water,-0.2049309115030391,0.3847873485248604,-0.1229244326574482,-18.36746195553866,-23.38084826937342,-5.013386313834761,3.5150114441948985,1.5929051482918986,2728,862
